-- MySQL dump 10.13  Distrib 8.0.22, for Win64 (x86_64)
--
-- Host: localhost    Database: ditodb
-- ------------------------------------------------------
-- Server version	8.0.19

/*!40101 SET @OLD_CHARACTER_SET_CLIENT=@@CHARACTER_SET_CLIENT */;
/*!40101 SET @OLD_CHARACTER_SET_RESULTS=@@CHARACTER_SET_RESULTS */;
/*!40101 SET @OLD_COLLATION_CONNECTION=@@COLLATION_CONNECTION */;
/*!50503 SET NAMES utf8 */;
/*!40103 SET @OLD_TIME_ZONE=@@TIME_ZONE */;
/*!40103 SET TIME_ZONE='+00:00' */;
/*!40014 SET @OLD_UNIQUE_CHECKS=@@UNIQUE_CHECKS, UNIQUE_CHECKS=0 */;
/*!40014 SET @OLD_FOREIGN_KEY_CHECKS=@@FOREIGN_KEY_CHECKS, FOREIGN_KEY_CHECKS=0 */;
/*!40101 SET @OLD_SQL_MODE=@@SQL_MODE, SQL_MODE='NO_AUTO_VALUE_ON_ZERO' */;
/*!40111 SET @OLD_SQL_NOTES=@@SQL_NOTES, SQL_NOTES=0 */;

--
-- Table structure for table `agenda_agenda`
--

DROP TABLE IF EXISTS `agenda_agenda`;
/*!40101 SET @saved_cs_client     = @@character_set_client */;
/*!50503 SET character_set_client = utf8mb4 */;
CREATE TABLE `agenda_agenda` (
  `id` int NOT NULL AUTO_INCREMENT,
  `title` varchar(200) NOT NULL,
  `description` longtext NOT NULL,
  `date` datetime(6) NOT NULL,
  `color` varchar(30) NOT NULL,
  `user_id` int NOT NULL,
  PRIMARY KEY (`id`),
  KEY `agenda_agenda_user_id_55662706_fk_authentication_user_id` (`user_id`),
  CONSTRAINT `agenda_agenda_user_id_55662706_fk_authentication_user_id` FOREIGN KEY (`user_id`) REFERENCES `authentication_user` (`id`)
) ENGINE=InnoDB AUTO_INCREMENT=19 DEFAULT CHARSET=utf8mb4 COLLATE=utf8mb4_0900_ai_ci;
/*!40101 SET character_set_client = @saved_cs_client */;

--
-- Dumping data for table `agenda_agenda`
--

LOCK TABLES `agenda_agenda` WRITE;
/*!40000 ALTER TABLE `agenda_agenda` DISABLE KEYS */;
INSERT INTO `agenda_agenda` VALUES (17,'Go shopping','go shopping for food and snaccs','2021-04-23 14:18:00.000000','red',5),(18,'Assignment completion','Do the remaining work on the project.','2021-04-23 14:18:00.000000','blue',5);
/*!40000 ALTER TABLE `agenda_agenda` ENABLE KEYS */;
UNLOCK TABLES;

--
-- Table structure for table `auth_group`
--

DROP TABLE IF EXISTS `auth_group`;
/*!40101 SET @saved_cs_client     = @@character_set_client */;
/*!50503 SET character_set_client = utf8mb4 */;
CREATE TABLE `auth_group` (
  `id` int NOT NULL AUTO_INCREMENT,
  `name` varchar(150) NOT NULL,
  PRIMARY KEY (`id`),
  UNIQUE KEY `name` (`name`)
) ENGINE=InnoDB DEFAULT CHARSET=utf8mb4 COLLATE=utf8mb4_0900_ai_ci;
/*!40101 SET character_set_client = @saved_cs_client */;

--
-- Dumping data for table `auth_group`
--

LOCK TABLES `auth_group` WRITE;
/*!40000 ALTER TABLE `auth_group` DISABLE KEYS */;
/*!40000 ALTER TABLE `auth_group` ENABLE KEYS */;
UNLOCK TABLES;

--
-- Table structure for table `auth_group_permissions`
--

DROP TABLE IF EXISTS `auth_group_permissions`;
/*!40101 SET @saved_cs_client     = @@character_set_client */;
/*!50503 SET character_set_client = utf8mb4 */;
CREATE TABLE `auth_group_permissions` (
  `id` int NOT NULL AUTO_INCREMENT,
  `group_id` int NOT NULL,
  `permission_id` int NOT NULL,
  PRIMARY KEY (`id`),
  UNIQUE KEY `auth_group_permissions_group_id_permission_id_0cd325b0_uniq` (`group_id`,`permission_id`),
  KEY `auth_group_permissio_permission_id_84c5c92e_fk_auth_perm` (`permission_id`),
  CONSTRAINT `auth_group_permissio_permission_id_84c5c92e_fk_auth_perm` FOREIGN KEY (`permission_id`) REFERENCES `auth_permission` (`id`),
  CONSTRAINT `auth_group_permissions_group_id_b120cbf9_fk_auth_group_id` FOREIGN KEY (`group_id`) REFERENCES `auth_group` (`id`)
) ENGINE=InnoDB DEFAULT CHARSET=utf8mb4 COLLATE=utf8mb4_0900_ai_ci;
/*!40101 SET character_set_client = @saved_cs_client */;

--
-- Dumping data for table `auth_group_permissions`
--

LOCK TABLES `auth_group_permissions` WRITE;
/*!40000 ALTER TABLE `auth_group_permissions` DISABLE KEYS */;
/*!40000 ALTER TABLE `auth_group_permissions` ENABLE KEYS */;
UNLOCK TABLES;

--
-- Table structure for table `auth_permission`
--

DROP TABLE IF EXISTS `auth_permission`;
/*!40101 SET @saved_cs_client     = @@character_set_client */;
/*!50503 SET character_set_client = utf8mb4 */;
CREATE TABLE `auth_permission` (
  `id` int NOT NULL AUTO_INCREMENT,
  `name` varchar(255) NOT NULL,
  `content_type_id` int NOT NULL,
  `codename` varchar(100) NOT NULL,
  PRIMARY KEY (`id`),
  UNIQUE KEY `auth_permission_content_type_id_codename_01ab375a_uniq` (`content_type_id`,`codename`),
  CONSTRAINT `auth_permission_content_type_id_2f476e4b_fk_django_co` FOREIGN KEY (`content_type_id`) REFERENCES `django_content_type` (`id`)
) ENGINE=InnoDB AUTO_INCREMENT=41 DEFAULT CHARSET=utf8mb4 COLLATE=utf8mb4_0900_ai_ci;
/*!40101 SET character_set_client = @saved_cs_client */;

--
-- Dumping data for table `auth_permission`
--

LOCK TABLES `auth_permission` WRITE;
/*!40000 ALTER TABLE `auth_permission` DISABLE KEYS */;
INSERT INTO `auth_permission` VALUES (1,'Can add log entry',1,'add_logentry'),(2,'Can change log entry',1,'change_logentry'),(3,'Can delete log entry',1,'delete_logentry'),(4,'Can view log entry',1,'view_logentry'),(5,'Can add permission',2,'add_permission'),(6,'Can change permission',2,'change_permission'),(7,'Can delete permission',2,'delete_permission'),(8,'Can view permission',2,'view_permission'),(9,'Can add group',3,'add_group'),(10,'Can change group',3,'change_group'),(11,'Can delete group',3,'delete_group'),(12,'Can view group',3,'view_group'),(13,'Can add content type',4,'add_contenttype'),(14,'Can change content type',4,'change_contenttype'),(15,'Can delete content type',4,'delete_contenttype'),(16,'Can view content type',4,'view_contenttype'),(17,'Can add session',5,'add_session'),(18,'Can change session',5,'change_session'),(19,'Can delete session',5,'delete_session'),(20,'Can view session',5,'view_session'),(21,'Can add user',6,'add_user'),(22,'Can change user',6,'change_user'),(23,'Can delete user',6,'delete_user'),(24,'Can view user',6,'view_user'),(25,'Can add agenda',7,'add_agenda'),(26,'Can change agenda',7,'change_agenda'),(27,'Can delete agenda',7,'delete_agenda'),(28,'Can view agenda',7,'view_agenda'),(29,'Can add journal',8,'add_journal'),(30,'Can change journal',8,'change_journal'),(31,'Can delete journal',8,'delete_journal'),(32,'Can view journal',8,'view_journal'),(33,'Can add todo category',9,'add_todocategory'),(34,'Can change todo category',9,'change_todocategory'),(35,'Can delete todo category',9,'delete_todocategory'),(36,'Can view todo category',9,'view_todocategory'),(37,'Can add todo item',10,'add_todoitem'),(38,'Can change todo item',10,'change_todoitem'),(39,'Can delete todo item',10,'delete_todoitem'),(40,'Can view todo item',10,'view_todoitem');
/*!40000 ALTER TABLE `auth_permission` ENABLE KEYS */;
UNLOCK TABLES;

--
-- Table structure for table `authentication_user`
--

DROP TABLE IF EXISTS `authentication_user`;
/*!40101 SET @saved_cs_client     = @@character_set_client */;
/*!50503 SET character_set_client = utf8mb4 */;
CREATE TABLE `authentication_user` (
  `id` int NOT NULL AUTO_INCREMENT,
  `password` varchar(128) NOT NULL,
  `last_login` datetime(6) DEFAULT NULL,
  `is_superuser` tinyint(1) NOT NULL,
  `username` varchar(150) NOT NULL,
  `first_name` varchar(150) NOT NULL,
  `last_name` varchar(150) NOT NULL,
  `email` varchar(254) NOT NULL,
  `is_staff` tinyint(1) NOT NULL,
  `is_active` tinyint(1) NOT NULL,
  `date_joined` datetime(6) NOT NULL,
  `user_type` int unsigned NOT NULL,
  PRIMARY KEY (`id`),
  UNIQUE KEY `username` (`username`),
  CONSTRAINT `authentication_user_chk_1` CHECK ((`user_type` >= 0))
) ENGINE=InnoDB AUTO_INCREMENT=9 DEFAULT CHARSET=utf8mb4 COLLATE=utf8mb4_0900_ai_ci;
/*!40101 SET character_set_client = @saved_cs_client */;

--
-- Dumping data for table `authentication_user`
--

LOCK TABLES `authentication_user` WRITE;
/*!40000 ALTER TABLE `authentication_user` DISABLE KEYS */;
INSERT INTO `authentication_user` VALUES (3,'pbkdf2_sha256$216000$ag41r3zvLTFJ$8xbWuRcl84yL/ArYfM5s5CjX+LIAU4V4wMI9o8cPJB4=','2021-04-20 04:39:29.937656',0,'qwerty','ww','ww','ww@ww.com',0,1,'2021-04-20 04:38:56.962926',1),(4,'pbkdf2_sha256$216000$d9h1ppjBynvK$XidbpQwshKgB0PoQG8Y3Cwqz4H4WSyhLblVytCVo95A=','2021-04-20 08:53:32.244662',0,'admin','qq','qq','qq@gmail.com',0,1,'2021-04-20 04:58:43.606037',1),(5,'pbkdf2_sha256$216000$q8VuOisZEWgM$97pyvJP+A1QMwq7lW9ltEdGmxYg4XtKrO5SU2zNgSlE=','2021-04-11 07:21:49.574967',0,'aa','aa','aa','aa@gmail.com',0,1,'2021-04-20 06:48:37.077784',1),(6,'pbkdf2_sha256$216000$eBZmUxQdhMdV$mendpcWGrudnaBqt3uOl3OCQhAnhW6I4IdmxMTUjjKs=',NULL,0,'JApple','John','Apple','aa@gmail.com',0,1,'2021-04-20 08:48:57.482563',2),(7,'pbkdf2_sha256$216000$fV0brcKm52wL$FlvX3uCLsl0Hg6C6bWz8viwZdHsI67DspuqCcPJIHm0=',NULL,0,'mleaf','Maple','Leaf','maple@gmail.com',0,1,'2021-04-20 08:49:49.631204',2),(8,'pbkdf2_sha256$216000$fd0i7YHWoGbN$pFeqZMhgfpWN/08Qq1gh3LR+834sxweYoyIlFOv1TGU=','2021-04-20 08:56:23.548966',0,'auleaf','Autumn','Leaf','auleaf@gmail.com',0,1,'2021-04-20 08:53:28.486242',2);
/*!40000 ALTER TABLE `authentication_user` ENABLE KEYS */;
UNLOCK TABLES;

--
-- Table structure for table `authentication_user_groups`
--

DROP TABLE IF EXISTS `authentication_user_groups`;
/*!40101 SET @saved_cs_client     = @@character_set_client */;
/*!50503 SET character_set_client = utf8mb4 */;
CREATE TABLE `authentication_user_groups` (
  `id` int NOT NULL AUTO_INCREMENT,
  `user_id` int NOT NULL,
  `group_id` int NOT NULL,
  PRIMARY KEY (`id`),
  UNIQUE KEY `authentication_user_groups_user_id_group_id_8af031ac_uniq` (`user_id`,`group_id`),
  KEY `authentication_user_groups_group_id_6b5c44b7_fk_auth_group_id` (`group_id`),
  CONSTRAINT `authentication_user__user_id_30868577_fk_authentic` FOREIGN KEY (`user_id`) REFERENCES `authentication_user` (`id`),
  CONSTRAINT `authentication_user_groups_group_id_6b5c44b7_fk_auth_group_id` FOREIGN KEY (`group_id`) REFERENCES `auth_group` (`id`)
) ENGINE=InnoDB DEFAULT CHARSET=utf8mb4 COLLATE=utf8mb4_0900_ai_ci;
/*!40101 SET character_set_client = @saved_cs_client */;

--
-- Dumping data for table `authentication_user_groups`
--

LOCK TABLES `authentication_user_groups` WRITE;
/*!40000 ALTER TABLE `authentication_user_groups` DISABLE KEYS */;
/*!40000 ALTER TABLE `authentication_user_groups` ENABLE KEYS */;
UNLOCK TABLES;

--
-- Table structure for table `authentication_user_user_permissions`
--

DROP TABLE IF EXISTS `authentication_user_user_permissions`;
/*!40101 SET @saved_cs_client     = @@character_set_client */;
/*!50503 SET character_set_client = utf8mb4 */;
CREATE TABLE `authentication_user_user_permissions` (
  `id` int NOT NULL AUTO_INCREMENT,
  `user_id` int NOT NULL,
  `permission_id` int NOT NULL,
  PRIMARY KEY (`id`),
  UNIQUE KEY `authentication_user_user_user_id_permission_id_ec51b09f_uniq` (`user_id`,`permission_id`),
  KEY `authentication_user__permission_id_ea6be19a_fk_auth_perm` (`permission_id`),
  CONSTRAINT `authentication_user__permission_id_ea6be19a_fk_auth_perm` FOREIGN KEY (`permission_id`) REFERENCES `auth_permission` (`id`),
  CONSTRAINT `authentication_user__user_id_736ebf7e_fk_authentic` FOREIGN KEY (`user_id`) REFERENCES `authentication_user` (`id`)
) ENGINE=InnoDB DEFAULT CHARSET=utf8mb4 COLLATE=utf8mb4_0900_ai_ci;
/*!40101 SET character_set_client = @saved_cs_client */;

--
-- Dumping data for table `authentication_user_user_permissions`
--

LOCK TABLES `authentication_user_user_permissions` WRITE;
/*!40000 ALTER TABLE `authentication_user_user_permissions` DISABLE KEYS */;
/*!40000 ALTER TABLE `authentication_user_user_permissions` ENABLE KEYS */;
UNLOCK TABLES;

--
-- Table structure for table `django_admin_log`
--

DROP TABLE IF EXISTS `django_admin_log`;
/*!40101 SET @saved_cs_client     = @@character_set_client */;
/*!50503 SET character_set_client = utf8mb4 */;
CREATE TABLE `django_admin_log` (
  `id` int NOT NULL AUTO_INCREMENT,
  `action_time` datetime(6) NOT NULL,
  `object_id` longtext,
  `object_repr` varchar(200) NOT NULL,
  `action_flag` smallint unsigned NOT NULL,
  `change_message` longtext NOT NULL,
  `content_type_id` int DEFAULT NULL,
  `user_id` int NOT NULL,
  PRIMARY KEY (`id`),
  KEY `django_admin_log_content_type_id_c4bce8eb_fk_django_co` (`content_type_id`),
  KEY `django_admin_log_user_id_c564eba6_fk_authentication_user_id` (`user_id`),
  CONSTRAINT `django_admin_log_content_type_id_c4bce8eb_fk_django_co` FOREIGN KEY (`content_type_id`) REFERENCES `django_content_type` (`id`),
  CONSTRAINT `django_admin_log_user_id_c564eba6_fk_authentication_user_id` FOREIGN KEY (`user_id`) REFERENCES `authentication_user` (`id`),
  CONSTRAINT `django_admin_log_chk_1` CHECK ((`action_flag` >= 0))
) ENGINE=InnoDB DEFAULT CHARSET=utf8mb4 COLLATE=utf8mb4_0900_ai_ci;
/*!40101 SET character_set_client = @saved_cs_client */;

--
-- Dumping data for table `django_admin_log`
--

LOCK TABLES `django_admin_log` WRITE;
/*!40000 ALTER TABLE `django_admin_log` DISABLE KEYS */;
/*!40000 ALTER TABLE `django_admin_log` ENABLE KEYS */;
UNLOCK TABLES;

--
-- Table structure for table `django_content_type`
--

DROP TABLE IF EXISTS `django_content_type`;
/*!40101 SET @saved_cs_client     = @@character_set_client */;
/*!50503 SET character_set_client = utf8mb4 */;
CREATE TABLE `django_content_type` (
  `id` int NOT NULL AUTO_INCREMENT,
  `app_label` varchar(100) NOT NULL,
  `model` varchar(100) NOT NULL,
  PRIMARY KEY (`id`),
  UNIQUE KEY `django_content_type_app_label_model_76bd3d3b_uniq` (`app_label`,`model`)
) ENGINE=InnoDB AUTO_INCREMENT=11 DEFAULT CHARSET=utf8mb4 COLLATE=utf8mb4_0900_ai_ci;
/*!40101 SET character_set_client = @saved_cs_client */;

--
-- Dumping data for table `django_content_type`
--

LOCK TABLES `django_content_type` WRITE;
/*!40000 ALTER TABLE `django_content_type` DISABLE KEYS */;
INSERT INTO `django_content_type` VALUES (1,'admin','logentry'),(7,'agenda','agenda'),(3,'auth','group'),(2,'auth','permission'),(6,'authentication','user'),(4,'contenttypes','contenttype'),(8,'journal','journal'),(5,'sessions','session'),(9,'todo','todocategory'),(10,'todo','todoitem');
/*!40000 ALTER TABLE `django_content_type` ENABLE KEYS */;
UNLOCK TABLES;

--
-- Table structure for table `django_migrations`
--

DROP TABLE IF EXISTS `django_migrations`;
/*!40101 SET @saved_cs_client     = @@character_set_client */;
/*!50503 SET character_set_client = utf8mb4 */;
CREATE TABLE `django_migrations` (
  `id` int NOT NULL AUTO_INCREMENT,
  `app` varchar(255) NOT NULL,
  `name` varchar(255) NOT NULL,
  `applied` datetime(6) NOT NULL,
  PRIMARY KEY (`id`)
) ENGINE=InnoDB AUTO_INCREMENT=24 DEFAULT CHARSET=utf8mb4 COLLATE=utf8mb4_0900_ai_ci;
/*!40101 SET character_set_client = @saved_cs_client */;

--
-- Dumping data for table `django_migrations`
--

LOCK TABLES `django_migrations` WRITE;
/*!40000 ALTER TABLE `django_migrations` DISABLE KEYS */;
INSERT INTO `django_migrations` VALUES (1,'contenttypes','0001_initial','2021-04-19 13:06:53.324547'),(2,'contenttypes','0002_remove_content_type_name','2021-04-19 13:06:53.449600'),(3,'auth','0001_initial','2021-04-19 13:06:53.532555'),(4,'auth','0002_alter_permission_name_max_length','2021-04-19 13:06:53.854372'),(5,'auth','0003_alter_user_email_max_length','2021-04-19 13:06:53.861354'),(6,'auth','0004_alter_user_username_opts','2021-04-19 13:06:53.870331'),(7,'auth','0005_alter_user_last_login_null','2021-04-19 13:06:53.878309'),(8,'auth','0006_require_contenttypes_0002','2021-04-19 13:06:53.881781'),(9,'auth','0007_alter_validators_add_error_messages','2021-04-19 13:06:53.891753'),(10,'auth','0008_alter_user_username_max_length','2021-04-19 13:06:53.900734'),(11,'auth','0009_alter_user_last_name_max_length','2021-04-19 13:06:53.909708'),(12,'auth','0010_alter_group_name_max_length','2021-04-19 13:06:53.930649'),(13,'auth','0011_update_proxy_permissions','2021-04-19 13:06:53.941621'),(14,'auth','0012_alter_user_first_name_max_length','2021-04-19 13:06:53.948602'),(15,'authentication','0001_initial','2021-04-19 13:06:54.068779'),(16,'admin','0001_initial','2021-04-19 13:06:54.407318'),(17,'admin','0002_logentry_remove_auto_add','2021-04-19 13:06:54.523927'),(18,'admin','0003_logentry_add_action_flag_choices','2021-04-19 13:06:54.539885'),(19,'agenda','0001_initial','2021-04-19 13:06:54.567813'),(20,'agenda','0002_agenda_user','2021-04-19 13:06:54.624700'),(21,'journal','0001_initial','2021-04-19 13:06:54.659606'),(22,'sessions','0001_initial','2021-04-19 13:06:54.723584'),(23,'todo','0001_initial','2021-04-19 13:06:54.805364');
/*!40000 ALTER TABLE `django_migrations` ENABLE KEYS */;
UNLOCK TABLES;

--
-- Table structure for table `django_session`
--

DROP TABLE IF EXISTS `django_session`;
/*!40101 SET @saved_cs_client     = @@character_set_client */;
/*!50503 SET character_set_client = utf8mb4 */;
CREATE TABLE `django_session` (
  `session_key` varchar(40) NOT NULL,
  `session_data` longtext NOT NULL,
  `expire_date` datetime(6) NOT NULL,
  PRIMARY KEY (`session_key`),
  KEY `django_session_expire_date_a5c62663` (`expire_date`)
) ENGINE=InnoDB DEFAULT CHARSET=utf8mb4 COLLATE=utf8mb4_0900_ai_ci;
/*!40101 SET character_set_client = @saved_cs_client */;

--
-- Dumping data for table `django_session`
--

LOCK TABLES `django_session` WRITE;
/*!40000 ALTER TABLE `django_session` DISABLE KEYS */;
INSERT INTO `django_session` VALUES ('48zpdzqucljm9axe9f0litwgtutvnum9','.eJxVjEEOwiAQRe_C2hAYoRSX7nsGAjODVA0kpV0Z765NutDtf-_9lwhxW0vYOi9hJnERVpx-txTxwXUHdI_11iS2ui5zkrsiD9rl1Iif18P9Oyixl2-tLTB4lzwAG8OciF3WAyCoPCo00TKBNyOcHXpDGVX2bDMNhjR6y-L9AeaMOEg:1lVUPl:f7qOctkFMlvqGfhusSO8A9QlUqcZH9H4nM0VnCE86ic','2021-04-25 07:21:49.579955');
/*!40000 ALTER TABLE `django_session` ENABLE KEYS */;
UNLOCK TABLES;

--
-- Table structure for table `journal_journal`
--

DROP TABLE IF EXISTS `journal_journal`;
/*!40101 SET @saved_cs_client     = @@character_set_client */;
/*!50503 SET character_set_client = utf8mb4 */;
CREATE TABLE `journal_journal` (
  `id` int NOT NULL AUTO_INCREMENT,
  `title` varchar(300) NOT NULL,
  `content` longtext NOT NULL,
  `date` datetime(6) NOT NULL,
  `user_id` int NOT NULL,
  PRIMARY KEY (`id`),
  KEY `journal_journal_user_id_c617c844_fk_authentication_user_id` (`user_id`),
  CONSTRAINT `journal_journal_user_id_c617c844_fk_authentication_user_id` FOREIGN KEY (`user_id`) REFERENCES `authentication_user` (`id`)
) ENGINE=InnoDB AUTO_INCREMENT=12 DEFAULT CHARSET=utf8mb4 COLLATE=utf8mb4_0900_ai_ci;
/*!40101 SET character_set_client = @saved_cs_client */;

--
-- Dumping data for table `journal_journal`
--

LOCK TABLES `journal_journal` WRITE;
/*!40000 ALTER TABLE `journal_journal` DISABLE KEYS */;
INSERT INTO `journal_journal` VALUES (6,'Assignment about to be completed, finally!','<p>Me looking at my assignment that&#39;s almost completed.</p>\r\n\r\n<p><img alt=\"Pet cat tests positive for COVID-19 virus in Hong Kong - CGTN\" class=\"n3VNCb\" src=\"https://news.cgtn.com/news/77416a4e3145544d326b544d354d444d3355444f31457a6333566d54/img/37d598e5a04344da81c76621ba273915/37d598e5a04344da81c76621ba273915.jpg\" style=\"height:274px; margin:0px; width:488px\" /></p>','2021-04-20 06:17:00.112735',4),(7,'samdple','<p>asdsd</p>\r\n\r\n<p><img alt=\"\" src=\"data:image/png;base64,iVBORw0KGgoAAAANSUhEUgAAAr0AAAK9CAYAAAApJNTYAAAAAXNSR0IArs4c6QAAAARnQU1BAACxjwv8YQUAAAAJcEhZcwAADsMAAA7DAcdvqGQAAP+lSURBVHhe7J0FWFRb94c/QUpS2u7u7u7u7u7uVrC7u+Pa3d2NHQhYCAJ2cdV7vfL777WR+/n3O+ownBkm1nqe91EGnTlz5px93rNn7bX+w8HBwcHBwcHBwcHBwcHBwcHBwcHBwcHBwcHBwcHBwcHBwcHBwcHBwcHBwcHBwcHBwcHBwcHBwcHBwcHBwcHBwcHBwcHBwcHBwcHBwcHBwcHBwcHBwcHBwcHBwcHBwcHBwcHBwcHBwcHBwcHBwcHBwcHBwcHBwcHBwcHBwcHBwcHBwcHBwcHBwcHBwcHBwcHBwcHBwcHBwcHBwcHBwcHBwcHBwcHBwcHBwcHBwcHBwcHBwcHBwcHBwcHBwcHBwcHBwcHBwcHBwcHBwcHBwcHBwcHBwcHBwcHBwcHBwcHBwcHBwcHBwcHBwcHBwcHBwcHBwcHBwcHBwcHBwcHBwcHBwcHBwcHBwcHBwcHBwcHBwcHBwcHBwcHBwcHBwcHBwcHBwcHBwcHBwcHBwcHBwcHBwcHBwcHBwcHBwcHBwcHBwcHBwcHBwcHBwcHBwcHBwcHBwcHBwcHBwcHBwcHBwcHBwcHBwcHBwcHBwcHBwcHBwcHBwcHBwcHBwcHBwcHBwcHBwcHBwcHBwcHBwcHBwcHBwcHBwcHBwcHBwcHBwcHBwcHBwcHBwcHBwcHBwcHBwcHBwcHBwcHBwcHBwcHBwcHBwcHBwcHBwcHBwWGKERUVZQOgqaC9+Hs7hmEYhmGiEddGor2glcD926WTQyHE/vEQdBDE7DfJT/bp93QUVP/2NBwc6oY4uBIKcnz69Gmdv7//9V27dn0dOXIkGjdujAoVKqBEiRIMwzAMY9ZUrFgRzZo1w5gxY3DgwAEEBQXdFdfN7uL66fXtcmqWId6/raCAoJDYHxsiIiIu3759+9yJEyfu7NmzB3PmzMHAgQPRrl076RU1a9ZE+fLlUbZsWVSrVg0NGzZEmzZt0KdPH8yYMQM7duzA2bNnP964ceNcaGjo5cjIyHXiufPSawhJtv/2shwc2oU4iLqIA+uf1atXo0aNGkiaNCns7OyQIEECiF8zDMMwDCOwsLCQ18dkyZKhXr16WL9+PR4/fuz/zz//9BFSllD8G7MI8V4tBY6CSu/evTsQGBiIgwcPYt68eejUqRNKliyJdOnSwdPTE05OTrCxsYGlpaWiV9BjtF+tra3h6OgIDw8PpEyZEoULF0br1q0xffp0kDzfvHkTz58/3yFec7IgqcBC/H8ODs1DHDSdxN3q37169YK7u/v/HIwMwzAMwyjj7e0tZzEfPnwoLqdSxizF4yYd4j2mE0yMiIh4tW/fvkgfHx85a5skSRJYWVmpPmFGz0l+UrRoUQwePBg7d+7EgwcPXoptGC1oFBUVZSP+HQfHr0McKJ39/f3/oq8VEiVKpHiwMQzDMAzzc1xcXNC5c2cSMfzzzz8DxGMmGUIwM7x9+3bGrVu3QpcsWYIGDRogY8aMSJgwoeJ+0QU0I0zfRlNaBKVCXL9+Per169eXxbbVF7iIf8PB8b8hDg7X58+fPxswYID8qoYeYhh9kiCB8uMMwzDGhqurK4YNG0apDtfF9TWZeMwkQryXBIKUkZGRM69evfqC0hcoH5dEn34dnzg4OCBfvnwYPnw4Ll++DCHk58S2thS/4+D4b4iDwk3cjfZcv379+9SpUyseTAzDMAzDaA7Nem7cuDGKFreJn40+hCvINIbg4OC3K1asiCpevDhsbW0V33t8QukP2bJlw9SpU3H//v3PX79+HSO2O634HQeHOEKAQuHh4WjevLlev5ZgGIZhGFOFFmJ17doVgYGBx8TPRhvCEayjoqLKvXnz5taRI0ekK9CCNENf3E6L4CpXrowNGzYgJCTklngfxQV24ncc5hziYJ5y4sQJpEqVSvHAYRiGYRgm9hQoUAD79+8PFbJVWPxsdCG220o4wvzg4GCZNpA2bVqZR0u/MhZI0Lt164aAgAB8+fJlpniMw5zjw4cPFxctWiTzYcSPDMMwDMOoAJXbovKfX79+nS8E0qhKaonttXz//v3cc+fOoVGjRrLUGD1sjFAaBvUZ2L17N16+fLlEvLeC4nEOc4yIiIgzI0aMMMjcHIZhGIYxVmgyafLkyYiMjAyJioryFI8ZRdAM75MnT+aTsBcqVEjmydLDxgylY2TJkkU2x6DyauI9lhePc5hbhISEnOnevbtJHNQMwzAMYyhQ+U+q4vD8+fPHQrI8xGMGH2I7Kwgv2E8lwCidgR4yJWIqazx69IjEt6x4jMOcgqS3S5cuvIiNYRiGYVSEpJeaVYSHhxuF9EZFRVUJDQ19NXHiRKRIkULxPZkCVGKN2hwHBQU9++eff6h1tJt4nMMcgqWXYRiGYdQnRnqfPn1q8NIrtq/as2fPXtEsqDl0ZKXUk/bt2+PJkyfiraOBeIzDHIKll2EYhmHUx1ikV2xbibCwsLdjx46Fl5eX4nsxRWgtE1V2CAoK4lQHcwmWXoZhGIZRH2OQXrFdCSMiIpbNnj0bSZIkUXwfpoyzszOGDh2KFy9evBT7opx4jMOUg6WXYRiGYdTH0KVXbJPVhw8f5q1atQrp06dXfA/mgJubG2jh3vPnz3eJfWJUpeU4YhksvQzDMAyjPoYuvZGRkTNOnjyJwoULK26/OZEuXTpqG42PHz/OFJ9VAvEYhykGSy/DMAzDqI8hS6/Ynqw3b94MqV+/Pl//v1GiRAmIfSJ2DWaw+JposPQyDMMwjPoYqvSKbUn68OHDaT4+PnB0dFTcdnOEPKht27ZU0SFS7KOc4jEOUwuWXoZhGIZRH0OUXprB/Pz589o9e/YgU6ZMitttzlDziiVLluD9+/crxc8cpha6kF5q95fY2RlJkyQxeJIlTYLkSZMiBcMwDGO2JBfXAxdx3bKwsFC8rmmDIUpvVFRUYX9//7/r1q0b75NddjY2cHd2QVJ3dyRz94CHiwvsbe1gIRxC6d/ri+LFi8PPz++z+Mxyi585TCl0Ib3U0rhNs2ZYuWA+VsyfZ7CsXLAA65YuwaaVyxlGN6xaYd4o7ROGMTA2i2N1zaKFaNu8GRwc7BWva9pgaNIrtsHixYsXG2fOnAkPDw/FbdYVNlbWSOLmjmI5cqFdtRrwadcRC/oNwtqRPtjqOwFbx07E+lG+WDxwCMZ36oIuteuibN78SOHpBVtrGzmZpvS8usDe3h7Dhw/Hs2fPdot95iIe4zCV0IX02lpbY/r4sXjxIAjPggIMludi+949DcGn5xH4/IJhGIYxR/56+Qyvgx9hxvhxcEucWPG6pg0GKL0Ohw8fvla2bFnF7dUFiWztkDNtevRp0Bi7JkzF3TUb8HL3Qfxz4hxw5pICl/H15Dm82XcYAes249C02Rjeqg0KZs0Kx0Tq3ZD8DqrmcOrUKbHL0EP8zGEqoQvptRHSO22sLyKEWIYF+Bss4YH3xED3GJHhT/FnBMMwDGOOfHwWhheP7mPauLFwNVHpFa9v+fLly7kTJ06UDRnoIV1ibWWF3OkzYkSrtri4cBne7juCqFMXgLOXo+X29EWAflaCfkf/5tu//XDwGG6sWIvJXXqgaPacMi1C6TXVpkePHlS795HYd87iZw5TCJZell6GYRhzxkykt5Cfn987muXVdaqAt5sbOtaqjZNzFuD9/qPRsvsryf0d8v9exMcjJ3Fp8Qr0b9wcqZMk0fn7yJgxI06cOIGoqKih4mcOUwiWXpZehmEYc8YcpPfly5cL58+fj8Qqvr8fsbBIgGxp0mBWr74I277nW7qCQElkteHbDPA7IdJrho1C4azZVF14+CPWwmWGDRuGV69erRE/c5hCsPSy9DIMw5gzpi694rW9Ll++fLZ27do6k0RLSwsUzpYdm8aMw4eDx+M2s/s7hPj+dfQ0DkyZiUoFC0nnUNomNShQoACuX7/+t9iHncXPHMYeLL0svQzDMOaMqUvvx48fi+3cuROpU6dW3M64QiXGCmbNhh3jJ0sZ1anwxiBegxbDnZ2/BNWKFENCS0vFbYsrVLd38eLF+PLlyyXxM4exB0svSy/DMIw5Y8rSK17XVlzn5w8aNEhuDz2kNrRgbbPPeHw+eko/whuDeC3KFz42cx6K58yFBP/RTY5vw4YNER4e/krsyyLiZw5jDpZell6GYRhzxsSlt11gYCB0VaYsmYcH5vbpjz8Pn9Sv8MYgXpNml/8Y5YP0SZMrbmNcyZw5M86fPy92JTqJnzmMOVh6WXoZhmHMGVOW3n/++acTtRymurPiR1WxsrREp1p1ELp1d/wIbwzitd8fOCYbXjg5OChua1ygz3HhwoUkvaPFzxzGHCy9LL0MwzDmjKlKr3hNxz///HM/1eZ1dHRU3EZtoXJhBbNkxbFZ8xB18ryyjOqTM5dwZ/V6md+ri1JmVLP3zZs3L8Q+TSx+5jDWYOll6WUYhjFnTFh6U4SHh79o3bq16iKYWEj0pM7dEHlIx5UaNEVsw5fjZ7FowGB4uqj3GcZQqVIl3Llz5yVLr5EHSy9LL8MwjDljqtIbFRWV/OTJky9KlSqluH1xoUSu3Li8ZKVhCG8MYlvub9iKSgULK25zXEifPj0OHTrEM73GHiy9LL0MwzDmjKlKb2RkpPfatWufU2cx8aNq2FrbYGCT5jKP1tCklxa1Te/eG65OTorbri1O4vnWrVv3VXyObcTPHMYaLL0svQzDMOaMqUrv58+fa86bN++j2l3YUnsnwbaxk/D1hAHk8v6IEN8rS1chZ9r0ituuLba2tpg7dy4+fvy4XPzMYazB0svSyzAMY86YqvS+f/9++dSpU2FlZaW4fdpCNXH912xUt8WwWohterHrABqXq6BqwwpqSdyvXz88f/58kfiZw1iDpZell2EYxpwxVekNCgpaRk0pLFWUP1txfe9Qoxae7dpvmNJ7+iI+HjmJ8R27wN7OTvE9aAPtw3r16uHRo0csvcYcLL0svQzDMOaMqUrv1atXl9H13cLCQnH7tMHV0QlTu/bAB0Op2vAjtE0nz2PDaPFZqpjXS9UvypQpg3v37rH0GnOw9LL0MgzDmDOmKr3nz59f1qZNG1WlN4mbuxTKv4+fMUzpJc5extGZ85DK21vxPWiDrEtcsCBu3LjB0mvMwdLL0sswDGPOmKr0njx5clnTpk1VrdGb0ssbh2fMUZZNQ0FI7/mFy5BD5cVs2bJlw9WrV1l6jTlYell6GYZhzBlTld6DBw8uozxU8VfVSJMkKc7OWwycNsB83hjOXILfkpUokDmr4nvQljRp0uDy5cssvcYcLL0svQzDMOaMqUrv3r17l9WqVUtx27QlbdKkuLRouZxNVRROQ0BI7/Xlq1EsR07F96AtyZIlw/nz51l6jTlYell6GYZhzBmWXs1JmzQZLi9ZYfDSe2P5GtWlN0mSJCy9xh4svSy9DMMw5gxLr+aw9LL0GnWw9LL0MgzDmDMsvZrD0svSa9TB0svSyzAMY86w9GoOSy9Lr1EHSy9LL8MwjDnD0qs5LL0svUYdLL0svQzDMOYMS6/msPSy9Bp1sPSy9DIMw5gzLL2aw9LL0mvUwdLL0sswDGPOsPRqDksvS69RB0svSy/DMIw5w9KrOSy9LL1GHSy9LL0MwzDmDEuv5rD0svQadbD0svQyDMOYMyy9msPSy9Jr1MHSy9LLMAxjzrD0ag5LL0uvUQdLL0svwzCMOcPSqzksvSy9Rh0svSy9DMMw5gxLr+aw9LL0GnWw9LL0MgzDmDMsvZrD0svSa9TB0svSyzAMY86w9GoOSy9Lr1EHSy9LL8MwjDnD0qs5LL0svUYdLL0svQzDMOYMS6/m6Fp6o05flCj9TmNYejl+Fiy9LL0MwzDmDEuv5sRKekledYHSa30PSy/Hz4Kll6WXYRjGnGHp1ZzYSO+fh07gxe4DeL5zvyo8E3w4eFzxtf4fLL0cPwuWXpZehmEYc4alV3M0kt7TF/H38bNYN9IH1YoUQ/EcuVAiZ+44QxI7t3d//HPi3K9nfFl6OX4WLL0svQzDMOYMS6/maCq9fx09jQmdusLZ3l7xebSlV4NG+EcINUsvh1bB0svSyzAMY86w9GpObKR3YufucHVyUnwebenTqAlLL4f2wdLL0sswDGPOsPRqDksvS69RB0svSy/DMIw5w9KrOSy9LL1GHSy9LL0MwzDmDEuv5rD0svQadbD0svQyDMOYMyy9msPSy9Jr1MHSy9LLMAxjzrD0ag5LL0uvUYfOpHecL57dD5RiGe8oCC9LL8MwDEOw9GoOSy9Lb7yHOJmyCAoJ8n358mXVP//8c0ZwQvz9l3z9+vV4aGjou3bt2qkuvVN8faRYhvrfiTee3rsroe2ICLonZ54Jkl2WXoZhGIZg6dUcll6WXr2FOGkSCtwFif/+++9Br1+/XvDo0aPZ9+/fD7lw4cLXnTt3/r158+aotWvXYtmyZVi8ePEvWbp0KSZOnIjChQvDwsJC8UPWhoSWlqhTvTrGjxyBcSOGxwMjMGnMGMyaNAGLZs7A+hXLcHTXTlw7fRL3/C7h0c3reBpwV85Ev3nC0sswDGPOsPRqDksvS6/OIyoqykacMA3FnyMjIiKe+vn5he7evfvvqVOngmZpy5cvj/z58yNLlixInTo1kiVLBi8vL3h6ev4Wd3d32NraKn7AccHB3h5urq7xhqeHO5J4eyNVihTImD498ubKiTIliqNl40ZSjDetWokLRw7LmeA/xYD36Xm4+FN5QGQYhmFMF5ZezWHpZenVWXyb1c396dOnaY8ePYIQXQwYMADFihVD0qRJ4SQOJktLS8UPh1HGysoKLs7OSJk8OSqUKYMxQ4dg39ZNeHTruhz8SH5pAPxxUGQYhmFME5ZezWHpZenVSYgTpHlkZOSJO3fu/LNo0aKv9erVkzO4JG30aybuJEiQAPZiUMqSKRPatmiB1YsWwv/yRbwLDWbxZRiGMRNYejWHpZelV/X4+++/O4aGhv5FeblVqlSRaQhq5twy/4tVwoRInTIlmtSvj82rVsqFcB8jwlh+GYZhTByWXs1h6WXpVSXECZFIUOrNmze7Dx06FNmqVSt4e3vL2Uj6NaMfSH4zpU+PAT164PyRQ3LWV+b7KgyUDMMwjPHD0qs5LL0svXEOcTIk+PLlC+XtRs2cORN58+blNIZ4xtnZCZXLl8XaJQsReu+O4kDJMAzDGD8svZrD0svSG6cg4RVMvXnzJjp27Ag3NzfFnc3oH0opyZwxA8aNGoGHN67xjC/DMIwJwtKrOSy9LL1ahzgJElJlhkuXLqFBgwbQRekwJu6kSJYM/Xv2wPWzp/EhPERx0GQYhmGME5ZezWHpZenVKsQJYPHnn39OO3bsGCpVqsTCa+BQ7d8OrVvhyqnjcoBUGjgZhmEY44OlV3NYell6Yx3i4KeUhmkXLlxA2bJlebGakZDYxRndOrbH3csXFAdOhmEYxvhg6dUcll6W3liFOPAT0qK1a9euoU6dOrC2tlbcuYxh4uXpiX49ust6vn9G8IwvwzCMscPSqzksvSy9sQpx4JcKDg4GlSTjCg3GSVJvb0wYPRLhgf6c6sAwDGPksPRqDksvS6/GIQ76tG/evLkxceJEuLi4KO5UxjjIlSM7Nqxcjrchj1l8GYZhjBiWXs1h6WXp1SjEAW/35cuXS3v27EGmTJkUdyhjPNAsfY0qlXDu8AFEhocqDqQMwzCM4cPSqzksvSy9GoU44FsFBgaicuXKijuTMT5cnJ0xqE8vBN+9ybO9DMMwRgpLr+aw9LL0/jbEwe745s2bc9OmTYOjo6PizmSMk1w5s2PbutV4HxbC4sswDGOEsPRqDksvS+9vQxzs9a9cuYKCBQsq7kjGeLGzs0WHNq1x/8ZVfGLpZRiGMTpYejWHpZel95chDnSLDx8+XJwwYYIQJDvFHckYN9SqeMvqlXgfGsyzvQzDMEYGS6/msPSy9P4yxIHe+MaNGyhcuLDiTmSMHztbW3Rq3UrO9rL0MgzDGBcsvZrD0svS+9MQB7ndX3/9dXnx4sWIjzbDFhYWv0Xp/zGxJ1f2bDiwbQs+cG4vwzCMUcHSqzksvSy9Pw1xkCd+8uTJ2/r16yvuQDWh1ImMGTOiZs2aaNeuHXr16oU2bdq8bd68+fMWLVq8UKJly5b0599ZsmRRtRWypaUlihYqiNZNm6BVE/3TskljNKpXF1UrVUS+3Lng4e6OhAkTKm6rWri5Jsb4kcPx/GEQ5/YyDMMYESy9msPSy9L70xAHeYVjx459SpMmjeIOVAOarSVpHTlyJFavXh2wZ8+eJffu3Vv+/PnzVUFBQUV37NiR9MCBAymUuHjxondgYODlDh06SFFVen5tsLG2xsTRoxB8+wYe3byudx7euAZ/v0u4fPwodm/cIAYyX9SoUlmIqavi9qoB7b8GdWqJ172IT8/DFQdWhmEYxvBg6dUcll6W3p/G58+fl4iAg4OD4g6MK07iYGrUqBF27dr1MSws7LQ4qfKKx2MVISEhZ7p06aLqTChJL4nms/uBCA+8F29ECJ4FBSDE/w7OHNyPsSOGIU/OnDpr/5wvd27s37oZHyN4ppdhGMZYYOnVHJZelt6fxosXLxaTUOoid9bZ2RniuaNu3Ljx/uPHj/3FCZVQPB7r0Jn0jvVFhBDOsAD/eCdGgh9cv4qVC+ajeOHCsEyo/mfi7eWJudOm4P1TzutlGIYxFlh6NYell6VXMcQB7ujv73+yTJkyijsvLtBX6c2bN0dAQMBb8Tp5BJbica3CHKQ3Btqe4Ns3sWzeHOTMlk3VPGbCWrzv/r16IOJ+AEsvwzCMkcDSqzksvSy9iiEO8AJnz55F5syZFXeetpCoFShQAEePHv3y999/9xePxSnMSXoJmvENuHIZPkOHIKmXl+L2a4uFpQWaNqiPu5cusPQyDMMYCSy9msPSy9KrGCS969evlzuJflQLSmuYNWsWIiMjT4rXSCAei1OYm/QSJL5nDh1AtUoVVV3AlyDBf1C2ZEmZP/xRYWBlGIZhDA+WXs1h6WXpVQyS3qlTp6q+iK1QoUI0y/tAPH8e8XOcw1yll6o8jBk6RNUBjsiRLSt2b1qvOLAyDMMwhgdLr+aw9LL0KgZJ79ChQ1WdSSQ6deqEsLCwJeLvqoQ5Sm8Mm1evRMZ06RTfg7akSpECG1YsUxxYGYZhGMODpVdzWHpZehWDpJcaRNBf1YIWSokT6O93797VFD+rEuYqvVRO7fSBfShasKDie9AWL08PrF60QHFgZRiGYQwPll7NYell6VUMkl6alaW/qgXV5R0zZsyr4ODgxOJnVSL+pfeuwmO6h+r3Xjx2BFUqqpvX6+LsgqVzZ/87kP44uDIMwzCGBUuv5rD0svQqBklvx44dFXectri4uMDHx+fVo0ePXMTPqoTZzvSKbbt0/CiqV66k6nt3dnbCkrmz/h1IfxxcGYZhGMOCpVdzWHpZehWDpLdHjx6KO05bbGxsMHz48K+fPn1qI35WJcxVeiPuB+LMwQMoUbQolcBQfB/a4OHujlWL5isOrAzDMIzhwdKrOSy9LL2KQdI7aNAg1bux9ezZE69fv1Ztp5ur9FIFh90b1iOrynWUUyRPhj+WLVUcWBmGYRjDg6VXc1h6WXoVg6R33LhxsLOzU9x52lKhQgUcOXJkp3h+rbuwfR/mKL0kvNSZbarYRi8PD8X3oC1ZMmXCjvVrFQdWhmEYxvBg6dUcll6WXsUg6V25ciU8PT0Vd5620PMtWrQInz59Gi9+jnOYq/T6nTyORnXrwtrKWvE9aEOC/yRAyaJFcWLfbs7nZRiGMRJYejWHpZelVzHEAV7wxIkTSKdyHVhqQ1ylShVcv379iXiNjOKxOIW5Sa+c5b1zC/OmTkHa1KkVt19bKJWlfq2auHHuNP5k6WUYhjEKWHo1h6WXpVcxxAGe6c6dO6+ogxr9qCb29vYYPHgwHj9+fINeRzymdZiT9JLwht69g+1/rEWZkiVgZWWluP3aQs/Xo3MnhNy7w9LLMAxjJLD0ag5LL0vvTyMiImJZq1at5Oys+FFVkiVLhkmTJiEoKOhWVFTUAHFC2YjHYx3mIr0kvE/u3sbuTRtQu1o12NnZKm57XHB3dcWMCePwLvQJpzcwDMMYCSy9msPSy9L70/j48eOyGTNmyANf/Kg63t7e6N+/P+7cuRMVGRk5V5xULWN7YulMesf5yq5nJJvxBUl3jHjfvXQBqxYtQJUKFWCfSN3FhTHkyJoVO9av+zaIKg+uDMMwjGHB0qs5LL0svT+NqKioEYcOHULSpEkVd6AaODs7yxzfuXPn4sqVK3jw4MHliIiIg69fvz787t27XyJE+ZD4929at26tuvROGDUCD29cw4PrV+OFwCt+uH3hvOy6tn7ZUnTr0B7ZsmSWtY6Vtjmu0Gx+jcqVcf3caXziWV6GYRijgaVXc1h6WXp/GuIg97x///4HklL6UVfQAiovLy8ULFgQbdq0oVbFmDlzJhYsWPBLqArE+PHj5f9Ts54wCXStalXhO3wofIYN0TujhwzGoD690b5VS1QsWwYZ0qWDg7294raqhYuzE4b174fwoAB8eh6uOLAyDMMwhgdLr+aw9LL0/jTEQW79559/Hpo2bZqqM6m/gl6HTjRHR0c5C0yti3+Fkzggra3VK9sVg52tLZzENsQXtNiPZnXVbg7yMzJnzIDt69bg/VPO52UYhjEmWHo1h6WXpfeXIQ70midPnvwnW7ZsijuRMX6oakOT+vVw9/IFxQGVYRiGMVxYejWHpZel97fx6tWrY1RiTO0SWYxhkCpFCqxYMA+vnzziWV6GYRgjg6VXc1h6WXp/G+Jgr3Ts2DFkyZJFcUcyxgvdyDSqWxu3Lpxl4WUYhjFCWHo1h6WXpfe3IQ52q7CwsENDhgzRSf4sE3+kT5MGy+fPxRue5WUYhjFKWHo1h6WXpVejEAd89YsXL37VRYc2Jn5IZGeHjm1aI+DqZRZehmEYI4WlV3NYell6NQpxwFMlh4NLliyRTSXoIcZ4oaoQxQoXwt4tG7kDG8MwjBHD0qs5LL0svRqHOOg9Q0NDH/bu3Ru2tuq3wWX0R9pUqTBn6mQ8fxjEwsswDGPEsPRqDksvS2+sQhz4va5evfoPNaywtLRU3LGMYZNYDIp9u3fF/RtXWXgZhmGMHJZezWHpZemNdURGRvY/ePAgChcuLNvXiocYI4GaXjRv1ACXjh9FpMLgyTAMwxgXLL2aw9LL0hvriIqKsv/nn39u7Ny5Ezly5FDcuYzhYWdnh/q1a+LUgb14FxrMs7wMwzAmAEuv5vw/6T2tIJwESy/HjyFOgBwfPnzwX79+PfLkycOpDgYODV51qlfH4Z3bpfAqDZwMwzCM8cHSqzk808vSq3WIkyDX+/fv71OqQ7FixWRFAHqYMSycxUnbpH5dHN+7C29DHvMML8MwjAnB0qs5LL0svXEKcSLk/fTp00lxcH6ig9PZ2VlxZzP6h/KtkyVNgq7t2+HC0cN495RTGhiGYUwNll7NYell6Y1TiBMhgcDyw4cPff38/N6KEyQqZcqUijuc0R821tbIlzs3Jo0ZDX+/C4gMD1UcLBmGYRjjhqVXc1h6WXpVCXFCWAkyPHjw4MjKlStRtmxZODo6Ku54RnfQ7K6nhzsa1K6FrWtW4dn9QHx6Hs4zvAzDMCYKS6/msPSy9KoakZGR3q9evdoqduybsWPHIm/evLJMlvgVo0Mon9rdzQ3lSpXClLE+uHr6JN5w/i7DMIzJw9KrOSy9LL2qhzg5LKOioirfvn27z+HDh0N9fX2l/Lq4uHBdX5WxsrKCl6cHShQrivGjRuD80UNy8KNBkIWXYRjG9GHp1RyWXpZenYY4UYYGBwdvOn78+OdJkyahYcOGssQZdQXjMmexh24aSHQ93N2QO2cONGvYAHOmTMK5I4cQcT+AZZdhGMbMYOnVHJZell6dhzhZrD5+/Fj8wYMHba9fv3552bJlF4UA/9m1a1dUrlwZuXLlkh8GnWC2trawsbGBtbW1lDtN0EWpNBJypdfSF9aE2Ae0IM3B3h7JxP7JmS0bKpUrh05t22Di6FHYvm4N7l2+hJePHiAyPHrgUxoQGYZhGNOFpVdzWHpZevUW4qSxENh/k+B+4eHhry5cuPB8x44dz5cuXfpy4cKFUTNmzMD48eMxcuRIDBs27JcMHz4c3bp1QzYhg2qmTZDwlixaFJ3atEbH1q3igdbo1qE9+vbohqH9+0nBXTxrJrasWomT+/YiwO8yQv3vICIoAO9CgvExgmWXYRjGXGHp1RyWXpbeeImoqCgbcRKl+UZqQVYhwvNevXq1SpxgKx89erTywYMHK4OCgn7Kw4cPl9+8efNZ8+bNVU2VoBnWMUMG4/aFc7h5/qzeuSW4c/E8Aq5cxsMb1xBy9zbCA+8p8jr4sZzlVRoIGYZhGNOHpVdzWHpZeo06QkJCznTp0gUJEyZU/JC1gVIKpo3zleW+lEQzPggL8P8f6HGWXoZhGPOGpVdzWHpZeo06dCa9Y31l+oCSbBoKLL0MwzAMS6/msPSy9Bp1sPSy9DIMw5gzLL2aw9LL0mvUwdLL0sswDGPOsPRqDksvS69RB0svSy/DMIw5w9KrOSy9LL1GHSy9LL0MwzDmDEuv5rD0svQadbD0svQyDMOYMyy9msPSy9Jr1MHSy9LLMAxjzrD0ag5LL0uvUQdLL0svwzCMOcPSqzksvSy9Rh0svSy9DMMw5gxLr+aw9LL0GnWw9LL0MgzDmDMsvZrD0svSa9TB0svSyzAMY86w9GoOSy9Lr1EHSy9LL8MwjDnD0qs5LL0svUYdLL0svQzDMOYMS6/msPSy9Bp1sPSy9DIMw5gzLL2aw9LL0mvUwdLL0sswDGPOsPRqDksvS69RB0svSy/DMIw5w9KrOSy9LL1GHSy9LL0MwzDmDEuv5rD0svQadbD0svQyDMOYMyy9msPSy9Jr1MHSy9LLMAxjzrD0ag5LL0uvUQdLL0svwzCMOcPSqzksvSy9Rh0svSy9DMMw5gxLr+aw9LL0GnWw9LL0MgzDmDMsvZrD0svSa9TB0svSyzAMY86w9GoOSy9Lr1EHSy9LL8MwjDnD0qs5LL0svUYdLL0svQzDMOYMS6/msPSy9Bp1sPSy9DIMw5gzLL2aw9LL0mvUwdLL0sswDGPOsPRqDksvS69RB0svSy9jfNBFOr5Q2h6GMWbouGbp1QyWXpZeow6WXpZexrD4UTJjiPl9ZHio5AMRFoo3Tx4h4n4Agu/cQtBVP/hfvoBbF87ixrkzuHr6JK6cPI5Lx4/iwrHDOHf4AM4eOoDzRw/h4vEj8BO/u3LqBK6fO4Wb58/i9sVzCLhyCQ9vXsdTcY68FCLw/ukT+Voxr/tnBCG28yfbGrOdDGMs0HHL0qsZLL0svUYdLL0svUz8ESOKn56H47Pg0/NoafwQFiJl821oMJ49CETgNT9cPHYEB7ZtweZVK7BiwVzMmz4VU8V5NmbYEAzs3QvdO3ZA2+bN0axBAzSoUxv1atZArapVUa1SRVQqVw4VypRG6eLFUEpQrnQpVCxXFlUrVkCNKpVQu0Y1NKhdC43r1UXLxo3RqW0b9O3eDSMG9seE0SMwa9JELJkzC+uWLsbODX/g5P69UpJD/G/jtZDud6FCjMU2kxTT+6H38vlFhHxfMe/xx/fOMIYCHZ8svZrB0svSa9TB0svSy+iPGAEkGaSf34Y8xrP7AXhy9xbu+V3CmUMHsP2PNVg6dzam+PpgSN++6Ny2rZTRSkJSC+bLiyyZMiJl8uRwd3ODvbioWonzzUqcv3QOW1pawsLC4jsSIEGCBIrnKZEgAZFA/ruY/0PPkTChpXxOKysr2NrYwEVcuJJ4eyFd2jTInTOHkOfiqF29Gto0b4Y+Qo7HDh+GedOm4I+lS3BoxzZcP3sa929cFVJ8By8eRs8Wf3r2XwGmWeIf9w3DxBcsvZrD0svSa9TB0svSy6jPv3InIMGVkhseKs6Je/D3uyjTDQ4LOVy9aAEmjBqJbh3ao2bVKihSsACyZcmM1ClTSKm1s7OTIhotrj+X1/iAtimBkGWSbhdnJyQVF4QM6dIhX65cKFeqJBrWrYPe3bpg2vix2Lx6JU4f2Ieb58/g8Z2bUvZjZoJ5NpiJb+jYY+nVDJZell6jDpZell5GHWIEl/6kr/lpdpMk9+7lCzi1fy/WL18Kn2FD0KJRQ5QoUgQZ06dHMjGIuomLbCIht7+akTVGaMbY3j6RlPeUyZMhd47sUuz7dOuKBTOmYc/mDbhw7IjMH37zhM7DUDkD/L0IK+1nhlEbll7NYell6TXqYOll6WW0J0Z0SdheBz9C6L07uHL6BLatW4PZkyegf68eMjWBZnBJ/JwdHWFjY21ygqspVlYJ4fBNhEn6Kbe4XcsWGDdiGNYsXoAT+3bLtIjnD4LwLjRY7F8hwWIfswAzuoSlV3NYell6jTpYell6Gc2JkVz6ap7+/urxAzy+fQPnDh/E4tmz0KNTR1SqUB7Zs2aBh7ubEFwbOeP5HzOV3N9hIfYLjT2ODg5Imzo1ihUuiCb162H00MHyxuHWhXMIC/SXAswzwIyuYOnVHJZell6jDpZell7m19AFMQaa0aVSXtdOn8TezRvFRdIXLZs0RtFCBZE6ZUp5kVM6JxjNoZsEN1dXZM2cGVUrVkT/nt2xYv5cmRN8//pVWaLt+3JpSp8Zw8QGOo5YejWDpZel16iDpZell1FGCtWz6PJh4eJYvnzymCzZNbhvb1nqK0umDPBwd5ezuUrnARN3SICdHB2RIlkyFClYEO1btsSsSRNk6bag61dkubTIb58VCzCjLSy9msPSy9Jr1BEaGqob6R3ni2f3A6VYxjsKwsvSyyhBFz+ZoytE98XDILkIbdvaNRg+oB+qV64kv4KXi84sLBSPfUaHJEggS6jRLHD+vHllubQZE8fj+J5dsuQb1TTmFAhGG1h6NSdW0tupGxKLm1al59GW3g0bs/SaY0RFRdmLkyj/N/IJSnz9+nXTp0+f9r1//37v69ev9758+fKXvHnzZk9QUNDrVq1aqS6940YMx/1rVxB41S9eoNd+dPM6nty5haf3/OWsMxEjwiy9TAx0wYvh5eMHsqTYrg3rMHLQANSpUR05s2eTdWqpdJjS8c7ED7QojmoHFy9SCJ3atsbSubNkAw9qmEEd5D6y/DIawtKrOZpK79/HTmNGj95I6eUNB1s7ONolijOJbGwxpHkrfGHpNY8QJ01CgafA5cuXL+WFtL4PCAh4Lz6EdwcOHHi/ffv2qHXr1mHp0qWYN28eZs2a9UvmzJmDMWPGIH/+/Kpe0OkrSZoVGzFwAIYP7K93qIvUmKGDMWnMaMyeNBHL583F1jWrcXjHdvidOIaHN64hPOCelOA3IcGKgyBj+sSIbnSe7l2cPbQfc6dOQdMG9ZE9SxYkdnGGJYuuUWBnaysbdlC3uQG9emLr2tW4c+m8rAcc8zkTSscBw9CxwdKrGRpJr4BmY4/Nmo8RrduhX+Nm6N+4eZzp26gZdk2cgq8nzim+5r+w9Bp3iJPFOioqqt779++HiJMn6NixYwGLFy9+4uvri5YtW6JMmTLInDkzvL294e7uDldXVyQWJ66zs/NvcXJygrW1teIHHBfoIkS5ePGFs3hfiV1c5ADm7eWJLJkyyRaszRs1xOghg7FiwTwc37sbwXdu4d1TKo3EF0VzIeZzpgVR9K3AjvXr5M1S2VIl5bFCM4hKxzRj+FApOOpSlzF9Onmuz58xTVbWCAu6J3Oz+RxnlGDp1RxNpZf4fOQU3u0/irf7j6jGxyMnFV/r/8HSa7whTpSyr169Onrt2rW/li9fjh49eqBcuXJIkyYNHBwc/lsS6YcPh/n/0MUwodhPlHrhImQ/fdo0qFi2DPr16I4NK5bh9sVzeBX8iOXXhInJ9Xz+MAiXTxzF3CmTZeWFXDlyyGOCjg+lY4cxTqh9crKkSVC+dCkM7d9XNsN4ePPav+XP+DxnYmDp1ZzYSK9MQdAFSq/1PSy9xhXi5HAWpAwLCxt16dKlRwsWLEDlypWRMmVKnczKmi0J/gN7e3tZJL9+rZpYOGs6bl04G10SiS6IfFE0euhzJCiFgeq9nj9yEFPG+qBSubJiAPNSNZedMVDEee7s5Ihc2bOjQ+uW2Lx6BYKu+eFNCN/kMtHQMcDSqxmxkt74gqXXeEKcGGk+f/588tatW4/nzp37tVKlSvD09ORFNDomYUIrWWe1Ub06WLlogbgoXpFfh7L4GicxMkOfYfCdmziwfQuGDxyA0iWKw9vLi88nM8XOzk6mOtEMPy18o+55JDsxx8yPxxFjHrD0ag5LL0uvKiFOCDtB0WfPnl3YuXMnmjVrhmTJknHqgp6hdJFMGdKje8cOOLJrB14/echfhRoR1LSAPi/6+2Mhu1vWrEKvzp1QKH8+meNtYcHnExOd+pAqRXLUrFoFMyaMw9XTJ+WiNz7XzROWXs1h6WXpjXOIk8Hi06dPE+7du/dxwoQJyJYtG89ExTOO9vYoX7o0ls2bI9vM0tfjSoMlYzjQhet9WAge37qBXRvXo1fXLsglziVbW1vFz5hhaJxN4uWN2tWqYc6Uybh6Knrm92NEmETpOGNMD5ZezWHpZemNU4gTIcFff/01XuzIr23btoWXl5fizmb0T8KElsiSMSNGDhqIW+fPIjKMxdfQoIsVIdMYbt/Ens0b0adbV+TNnQuOjg7ic0zwP58rw/wIfaOWPFky1KxWFXOnCvk9fRKvgx/h07fjS+nYY0wHll7NYell6dU6xEmQ8MOHD+NPnDgRRQcmz0gZJkm9vdG9Y3tcPnEsuuyRwqDJ6J8YGQkP9MfB7dvQv1cPKbtOQnYTKHyODPM7aGFjUnFhq1erpvyWhzryvX/6hOXXxGHp1RyWXpZerUKcABavXr0av3v37qiKFSty/34Dh/JB27ZoJlf/vw97ojhwMvpByoeASo+dObgfo4cORtFCBWXNaSpNp/T5MUxssLa2QprUqdCiSWOsW7oYD25cxQchvyy+pglLr+aw9LL0xjrEwZ/g69ev4w8fPhxVqlQpvlAbCYmdndG+ZQtcOXU8urKDwuDJ6BZaaPQ2NBi3Lp6XX0NXLl8O7m5uZnkO0Xu2tLKClZ0dbB0cYe+SGI7uHnDx8kZicWFyTZYCbilSwZ1IlQaeqdPCK006eKVNL//umSot3FOmlv/GLXlK8e+TI3GSpHDy8IKDqyvsnJxhLS7aCcUNuYWZLqi1sbFG1syZ0KNzRxzasQ3P7gfwrK8JwtKrOSy9LL2xCnHgJ6RFaxcvXoyqXr061wk1MtyFDPTo1BG3L5xVHDwZ3UAXJbrReHjzOtavWIamDRsgVYoUJt5QIoGUTRu7RHBI7Cql1Dt9RqTMkQuZipRA7srVUbh+E5Ru1R6Vu/VBrYEj0MhnMlpNn48O85aj06LV6Lp8A3qs2oxe67aj94ZdGLD1AAZsO4i+m/ag9/qd6LFmK7qt3ITOS9ehw4KVaDtrMZqOn4G6w3xQrddAlGvfFcWatET+GnWRrXQ5pMtXCMmz5pDiTNtD22Vla4sEJr7w1tHREcULF8LE0aNw8dgRvBSCRMcky69pwNKrOSy9LL2xCnHgl/D39//atGlTbjRhpCTx9saYoYPxxP82X/R0TEz+dHjQPezbvEnccHRC9qxZZL1Vpc/GGKEKAgmtrGEt5NbRzR1JMmRCxsLFkbdabZRq2R5VuvdD3aE+aDllDjov+QP9hbiOOnYR4y/cxkS/e5hyNQjTbjzEjDtPMOveU8wJisC8By8w/+FLLHj8GguC32Dhk7dYGPIOi0LfCz7Iv9Nj9LsFj99g/qNXmPfwBebef47ZAeGYeTcU0289xtRr9zHpSgAmXroL37PXMfzgGfQR8txp8RqxPXOlHFfs0hNFhHxnK11eCHluuCZNDlsHB1hZ28CSbupNZBbe0tIC3p4eqFKhPOZPn4p7fpeic/x5DDB6WHo1h6WXpVfjEAd96mfPnl0aPXq0zD+khxjjJHu2rFizeJFc4f3xmfJAysQNuhB9eBqCWxfOYbLPGBQrVEh20FP6PIyJBAmE5NrYwM7ZGR6p0iBz8dIo1rglqvcZjGYTZqDL0nUYtPMwfM/cwIzbTzAnMFyI7DMppSSxJKskr4uffsBiKbHfQWL7DSm2MZD0KvHdv/n+/0q+e175WgL6+4JgIcuPoyWZtmtWQBgm+wVIIaYZ5TazFqGekOFy7bogT5UaSJEtp0y7sBGfHaVjKO0TY4IqPaROlQod27TGgW1b8fx+ID494/q+xgxLr+aw9LL0ahRRUVF2f/311+mtW7ciffr0ijuUMR6sxcW7SsUKOLl/D8/2qAzty0jxZ+i9u9ixfh1aNW2CFEmTGm2jFsq9tXNwkDOgyYUAZi9bEaVbdUSD0RPRZdkfGLL7GMadu4mZd0LkjGvMzOyiJ/8ror8UWL2hLMnyd3Lm+LWU4clXAjHyyHn0Wb9LiPBi1Og3FEXqN0WGQkXhmTYdHNzckNCIJdhRfKYlixaVba1vnj+Ld6HBPA4YKSy9msPSy9KrUQjpbXbr1i1UqFCBF66ZCC7OzujXsxse3rzGFzuVoEVCJA+Xjh/FqCGDUCBvHnnhUNr/hgyd44mcXZAsSzbkrlQNlbr2QevpC2RqwpjjlzHJL0CmEdCsaYzM/iuPMQJplPyvENPPJPMzbgfLlIzhB05L2a8z1AdFGjRDhsLF5YI6yg1W2peGDKU8JBc3ZM0aNsDm1avwNOAud3UzQlh6NYell6X3tyEOdvtXr16dHj9+vFFewJmfkyNbVmxatRzvuJxRnJD7LjwUT+7eEvtzBRrUqQ03NzfFfW6QCMm1srWDi3dSpMtfGIXrNUbNAcPRdfl6jD1zHbPuhsoc239TBSht4JsQKsujKfFNhL9775RHPCcwQuYMD9l7HK2mzUe5Dt3kLLhXuoywc3QWQmk8i3xtrK2RJ1dOjBsxDNfOnJItjXk8MB5YejWHpZel97chDva6Ykchf/78ijuSMV7s7GzRrmULBF69jE/P+SKnDXTBefc0GH4njsnud3mFPNB+Vdrfhoa1nR0SJ0mG9AWLoEybjmg5dZ6czZ1w8Y7MdZ0nRJfEb1HIN8n9HyE0U0iCv4nwguDXcgHd9JsPMeLQWXResg61B45Evup1kDRDFti7uMLC0vAFmBYkent5oXG9etiyeqVcfEnHNsuv4cPSqzksvSy9vwxxoFu+f//+rK+vr0mtOGf+S8Z06bBh5XJZP5aaJigNqowydLGJuB8g2wc3rV8Pnh4eBp/+k9DaGi5eSZAmdz6UbNEWrWcuxNC9J2QOK83m0sxmzFf7LLqa8e++ElBOM1Wh8D19TS6MqzNkNHJVrArPNOlkPWJDrwZha2ODfLlzy1xfWeEhPJTF18Bh6dUcll6W3l+GONDr+/n5oUCBAoo7kTF+bG1t0L5VCwRd8+OLm4bQfiIZ8BdSMGPiBBQrXAiJDPimMIGFpczRTZEtB4o2aIbmE2di8K4jmOR3D3MfPP+3skGMuCmJHaMh3wSY9unC4Ldygd+YE35yBrhK976yXjDVCKabD0MVYLpxS5kiBbq2b4cju3ZIoeKxwXBh6dUcll6W3p+GOMht//zzz3Pz5s0TYqSfr2vpKzaq/0uvRzPLv4P+nS5WxVtZWckZj/iC9oE+Gxfkyp4N+7Zswnuu5PBbaP+8fvIIJ/fvRfeOHZA2TRqDbdJiaRU9q5utVHnU6DsE3VdtxvjztzA7ICy6ygIJLpXwoqoF30HytuB7kRP/5t+/M7HjmwRT7WGqHTzswGm0nDoXJZu3keXQqBSaoX474OzsjLKlS2HR7Jl4fPumPPZ5fDA8WHo1h6WXpfenIQ7yFI8ePfpQp04dxR2oFjTgu7i4IFOmTKADvFu3bhgyZAhGjRr1S6hecK9evZA9e3ZVLxok0WVKlEC3ju3RtUM7vdOlXVu0ad4MdapXk6v/k4kDlWZjlbZVLWig9Bk2FM8eBMrV20oDKxPN03t3sW7JIlSvVAnOhlivWpwLNvYOSJIxs2y60GTsNAzYdkA2aaCv3Ul4Z/o//UYoZtwNkY0hiJni78Qs8Tj9jv6k/0P5vQTV3KX8VapxS6kQVNUghuhGEt81k2D+HzIF4tts+vxHLzHxkj96rN4q6xtnLlFa3pzIZhhKn2k8QhMRmTJmwIhBA3D97Cm56JXToAwLll7NYell6f1piIN83OnTp5E6dWrFHagGdFIVLlwYw4cPx549e3Dy5Mn9fn5+qwICAtYI4f4loaGhq27evPm8efPmqs720izrGCHddy6cw63zZ+OFa6dP4tzhg9i7ZRNmT5qAhuLGQ7at1dFFkUoX1atVA3cunpdlt5QGVnOGLiqRMp3hIib7+iBf7lxyxbvSvow3hOwmcnJGqpx5UKJ5G7SavgBD9hzH+PO3ZfOFSVcCZamxiZf9pXDFMOHS3X+hzmUS+jffMUlyT/5/ep4pV4kgTL1+H1NvPMC0m49kSa+Z/iGYfS8MswOFIFNDigcv5GK4+d93VmOiBVhAdYFp9nfIvhPi5mQq8latBa806aJTH5Q+43gigSCJl5esOX145za8Dn7IM74GBEuv5rD0svT+ND5+/Lh04cKFcHBwUNyBccXV1RWtW7fG0aNH/w4MDBwVGRlZRZxYruJ3JNwJfgf9OyG+Z7p06aKqDJLMTBvni2f3AxEeeC/eeXzrJs4fOYypY31RpGABnbV/pqoD+7Zs/Ld1LhMNXVA+PH2CS8ePoHe3rkiZIrmc/VLah/EB5evaJ3ZDugKFUK59V3RcuArD9p/C2LM3ZBUGqi2rMy4Sd+TrTLgYI83fRPlKAKZcExfiGw8xXQpxqJxlplJfc6nN8HeNLMwZKb/iT6p77HPqKtrOXoKiDZshSYbMSGhjWFVAHO3tUbl8Oaxfvgxhgf4svgYCS6/msPSy9P40nj9/vqZTp046ucC7u7ujb9++UTdu3Hj3999/DxMnlIV4PNYREhKiG+kVghkRFICwAP94J0Z+H9y4JlsHly1ZQifi6+XpgTlTJuE91+z9F9oPlPKxa8MfaFyvLjzEcau07+ID+ircycMLWUuWRbXeg9B1+QbZQWzc+VtSQElGFUVV38SIsZxBvvdfGb756L8yHCPCj6NF2BxlOGb2l/YD7bdOi9fIznfJs2SDTSJ7cZdvGHm/ND7SNx1TfKOrO0RGhP7PecPoF5ZezWHpZelVDHGAZwsKCvpQrFgxxZ0XF2xsbECiev369RNRUVG5xGtZi8e1CnOQ3hhoex7duo5VC+ejQN68qi/go/fdr3s3hAnBNnvpFe//47OnCPW/jWXz5sh2rYZSnSFBAgs4unkgc/FSsoFEz7XbMObEZYwToqTzmV21EdtLs8KTpQgHSRGmnOLZlDv84Ll5zgbTzK+A8n6puka3FRtRpk0nJM2UxWC6vtFESJpUKdGnWxf4nTzGN8rxDEuv5rD0svQqhjjAC545cwYZM2ZU3HnaQgvOigqBOHv27NcvX77UE4/FKcxJegma8Q26dgXjR49E8mRJFbdfW+hCRrOZlNdrzhewmPcecPUyJvuMlpUtrFQ8vrRGnDv2rq5IV7AIqvYaiB5rtmC0kN0J3+RRUSqNDJL26Jzie5h8NfCbBIdiTlBE9OK5x6+URdEU+TbzS/nQlDLSZck6FGvUQtb7NZScX3c3NzRv1BDH9uzCm5DHvAg2nmDp1RyWXpZexRAHeIG1a9fC29tbcedpC7VmnThx4td3794dEa9hJR6LU5ib9BLhYrvOHj6IWlWrqPq+6YakTMkSOH1wn1nn9dKCtRvnTmNQn95IkzJl/Ofvis/FztEJ6fIXQuXu/dB1xQaMPHpBLlAzupndWBIjwTTjSYvmKB2CqknMDXpmPrPA3+SXFgWOO3cT7ectR7HG0fJrCNUenBwdUaNKZWxdt1qmAvGMr/5h6dUcll6WXsUg6Z08eTLs7e0Vd562lCxZElu3bt0int9L/BznMEvpDbyHR7duYOyI4XB3dVV8D9qSPUsW7Nzwh+LAaurQhYO+pr147DC6tGuDJN5eivtIn1haWcErbXqUbNkOnZesxahjF/+VwR8F0fSh9xyTDhEoF8hRSTWZBvH4tayEoCiNpkKM/D58KfbDLbSePh85ylWCvUtiVUs2aoONjTWKFiooU4HCA/25AoyeYenVHJZell7FIOmlWrlq54127twZYWFhi8XfVQlzlF4iXLB1zSpkSp9e8T1oC5VFW79imeLAasrQRYO+nj28azuaN2yg+s1EbLEQ551rshTIW60Wmk2YgSF7jsmmEuYpuz9HCvDVIFn2S84A34/OA1aURhMhZsEb5T1T++jag0bJbwFsdFRlR1PoWpEvVy7MnjxR3pTL8+qH84zRDSy9msPSy9KrGCS91PiB/qoWtIBt0KBBX96/f19f/KxKmKv0Ujm10wf2yfa3as7yeHp6YNWi+YoDq6lCF4znD4Owbd1qVK9UUX5dq7Rv9EKC/8DB1Q1ZS5dDveFj0W/LfvieviYEj2X3l1AahBTgwGgBDgiTVRBMOv1BiC/9Se+378bdKN+hmyxzZmkZfykPCRNaImOG9Bg1eCDu+V1k6dUTLL2aw9LL0qsYJL1Uroz+qhbU0nLMmDGvgoODE4ufVQmzlV6xbZeOHUE1IWlqzsa7ODth6dzZ0QPpDwOrKUIXC7qB2LB8GUoVK6qzGsiakPBbKkPZtl3Qa912IbtXo2d2eXY31pAAU1m0mXeeyCYZppv/Gz3rS22iaca7zewlyFWxKuzFjRPlgisdZ/ogRdKkGNK3D+4K8Y1UOO8YdWHp1RyWXpZexSDp7dixo+KO0xaSXh8fn1ePHj1yET+rEiy9lVSd2XFxcsKSOd+k95nyAGsq0IUiIugeVi1agBJFi8DWRretnn+KkBMnD0/krlQNTcdNk13UomvtsuzGhZhFcDT7O/XmI5n+QIvBqF2yskAaNyS/1Phj2L5TqN57MFJmzxVvJc7o26eUyZOjb/duuHbmFCLDQuX5pnQeMnGHpVdzWHpZehWDpLdnz56KO05baBZtyJAhXz9+/NhC/KxKmKv00radPrAfxYWsqTmj4+nhgZULTT+9gWaxn967KwR/Fgrky6vq8RMbrGztkCJrdlTu3hd9Nu6G75lrPLOrC0iAL/tjKs3+3g2Rub+mKL9y1lf8OfX6A9mspGCdhvKGKr4WulEzly7t2uHq6ZPivGPx1RUsvZrD0svSqxgkvYMGDVK9XFP37t3x7Nkz1Xa6uUovNZDY8cc6ZFG5jnKK5MmwfvlSxYHVVKALROi9O1gwYyry5c6p+mJNTaEGE3mr1kLrGQsx4vA5TLgQ3c5XUdoY1ZCzv1cCMeNOsKz/G73wzbRSHxaFvpfva/TRi6g9cARS5ciNhNbx802GFN/27XA5pomFwjnJxA2WXs1h6WXpVQyS3okTJ8qDnn5Ui3LlymHfvn07xfOnET/HOcxReqlk2ePbNzHJZzQ8VW6LmzVzJuxYv05xYDUF6OLwxP+2bLecJ1fOeGk6YZnQCt7pM6Fip57otX5H9EI1ll29Q22RqRMcNcCgSghSfoOVJdIoCXmHBeJPqm/ceck65KtWW5Y3UzomdQnNMpP4tmnWFGcPH8CHcJ7xVRuWXs1h6WXpVQyS3lWrVsHLS91ape5i8JszZw4+ffp0KioqykY8FqcwV+m9ePwI6teuBWsrK8X3oA0JEvwHpYoVw8l9e8Ugqjy4GjN0YQgRwjtr0kRZjzg+mk7YOToic/HSaOw7FcMOnI6WLxbe+EXs/0l+3+Q34Jv8/iiQRgylPFBt32H7T6NS595ysSTVf1Y6PnWJs5MjWjVtIseuD2Ghiucoox0svZrD0svSqxjiAC948uRJpFe5DiyJRvny5eHn5/dVSO948Vicwtykl4T3wfVrmD5+HNKkSqW4/dpCn02DOrVx6/xZk5uJkTm8AXcxb/pU5MqRQ+/Ca2FpAfeUqVCiaSt0WboOPif8omd3WXgNBrr5kJ3f5MxvmGnJL836Br/BhEv+aDVtPrKULAMblb/F0wRX18To0LolLp04JsQ3xOTGmfiCpVdzWHpZehVDHOCZ7969+7pw4cKKOy8u2NnZgWoAP378+J14nQpxmfE1J+ml7Xly9zY2rVqJ4kWKqPqeCSsrK/Tu2lm81l2Tuhh9eh6OiPsBWDRrBnLnzKH6fvsd1Co2RbacqDVwBAbtOipbySpJF2MYSPm9cg/Tbj3GnKBwzH9sWvI7OyBM1vUtXK8JHKm0mcIxq0vc3FzRqW1rXDtzUo4zLL5xh6VXc1h6WXp/GuHh4avatWunk5W/3t7eGDlyZNT9+/c/fvnyZYI4obSq3Wsu0itbD9+8jq1r16B65Uo6Ka/l4e6GmZMmRC82MZUL0bOneP4gUJYlK5Avr95neO0cnZCtVDk0mzQ7erGaECpOZzASxOdEOb/Tb5P8PsOCYNOo9kDpDjSLPerIBVTtOUCmOyTQ83lBY02vLp1w+8JZRIZzqkNcYenVHJZelt6fxp9//rls9uzZsLe3V9yBcSVp0qTo0aMHzpw58/nt27c3xUlVVjxOs8wJCPr77yI0NPS0TqR3nK9sWkCyGV+QdBNUWuvKqROYP30aypUqBXsdfS2ZK3t27Nq4XnFQNUY+iQvBMyG8a5cuQvHChVXNf/4t4kaRSkUVrtcYXZeth8+pq0KkWHaNEbpJoVq/1Ohi7oPnptHkQogvLdqbdPkemk2YiTR5CiChGPcUj2UdkcTLC326dhXie07x/GU0h6VXc1h6WXp/GlFRUaOOHj2K5MmTK+5ANSChLiVEbu7cuTh8+PDj69evbw8LC9v54cOHPW/evKktpDa3+DmfEq9fv8716NGj69REQ23pnewzGqH+d/Dkzq144cGNa7h5/gxO7t+D1QsXoEOrlsiQNq3Oqg3QTE/NqlXEa57Fx+fhigOrMUEXgdfBD7Fp1QrZqlmfwkv70jNtOlTs3BP9Nu+NTmfg2V2jZ8LFu9Fd3qjJxcOXQh5NQ35n3AlB16V/IEe5irCxd1A8pnVFUnERHtqvL+5fvypvUpXOZeb3sPRqDksvS+9PQxzkSR88ePChWrVqijtQLahOqoeHByh/mNIphg0bhkmTJlH3tg8jR458M3r0aEXGjBnzZujQoV/y58+v6tfWCcX2VKtYEcP695MDsr6h9p19unVFuxbNUblcOSm7DuLmQJcF5l2cnTFi0ACZ+0o5sEoDqzHxLjQYB7ZtFvuvrF5bC1M5spQ5cqPuMF8M3X9SUZ4YI0bcvFCTi2k3H2J2YIRJNLiQndyCnqH/1gMo3qQVHD08FY9tXUBjWtrUqTF+1EgEi5t9k0mr0jMsvZrD0svS+9MQB7nNn3/+eWzmzJlykRM9pGtoxtbGxga2trZyFtjBweGX0KI4XTQXoPdLebPxBc02W1kl1FsOKtXn3bnhD7w38hXVtO20KvzMof1oUKeWzlJzlLASn1uGQkXRbNIsmS/Jubumy4SLt2WZM2pwMe/BS+Ov7yvElwR+zAk/VO7WB4mTJFM8xnWBhRBfarIzb9oUhAfdM4lvmvQNS6/msPSy9P4yxIFe6/Tp019z5lR35zOGg421FZo3bgh/v4vG3y1JDP5XTp9A+5YtkNjFRfH96gJbIdfZy1ZE29lLZDkyFl7zgLq7Tbl+X1ZEMPoSZ5TnK/4ce+Y6ag0YLhe46eummyYuChUogHXLluDl4wc84xtLWHo1h6WXpfe38erVq+PDhw+XM7DiR8bEoK8XVy2cj9dPHhn9LK+/3yX069kd3p76+4rWIbEb8teqh85Uf/c0L1gzRyb63ZNVHubeN/6FblSlgto00wK3VDlzwzKhftp00/WlbMmS8hunNyGPWXxjAUuv5rD0svT+NsTBXo0aVWTPnl1xRzLGC+W7NmvYAHcvXTD6XN7Ht2/Ad8QwpEqRQvG96gJnDy8Ub9oKvf7YgXHnbvGCNTOGZvenXAvCrHtPjX7Wd1Hoe8y8+wRtZi5G2nwF9dbBjVK7alWrKhfwUpqS0nnO/C8svZrD0svS+9sQB7ttRETEsZEjR8pcW3qIMQ0yZcggq0O8eWK8Myu03WFB9zB36mRkzZRJ5ggqvVdVSfAfuHgnQZk2ndA3pkKDgggxZoYQ30mytm+wScz6zrjzBB0XrkKmoiX0VtLM2dkZ7Vu1kM0rYs7vH8955v/D0qs5LL0svRpFVFRUnStXrnwtUaKE4s5kjA8Hewd069gegdf8jFp4qVLDltUrUaRAASS01E+3tcRJk6Nipx4YuP0Qxp+/pSxAjNkSM+tLub4LjLqj2zvMDgxHt+UbZOtiK2v9pLgl9fbG4L598ODGVZZeDWDp1RyWXpZejUIc8DafP38+vHbtWqRMmVJxhzLGg6VlQpQWNzCHdmwz2g5sH589xYenITh9YJ/8SlQv30IkSAC35ClRsUsvDNxxOFpyOKWB+QnRFR5CMO/hCwWhNA4o1WFOYAS6r9qMHGUrwlqIkOK5oSJUyoxKNc6aPDG6ogOL7y9h6dUcll6WXo1DHPTJnjx5cnzQoEGyXBg9xBgnGdOnw8KZ02WLXqVB1FigZhqd2rTWS6UGuhB7pEqDqr0GYNCuIxjHM7zMb6AZX6rrO/XGQ8wJijDidId3mB0Qgd5/7EDuStVgpYcbTEsLCxQuUABb1qyS3+aw+P4cll7NYell6Y1ViAO/yK1bt/6uXbu2TurjMrrH3c0Ng3v3xsOb14z2QkLdm57434bP8KFInjSp4vtUG9fkKVG15wAM3cdNJ5hYIuSXWhnLRW7G2tAi5B3mPnghxHcncpSrpBfxpW9v6Fuc0wf3y4VtRl9SUUew9GoOSy9Lb6xCHPgW79+/H3r48OGvZcuWVbX9L6N7aEa0XcsW8Dt5XAyWof8zeBoDNMA/f3gfy+bORs6s2fRQS5RSGlKgUtfecoZXUWoY5ndQQ4sr9zDj7hPMl22MFcTSwInp3tZz3TYpvtZ2dgrni7rQmNWxTSvcOHdacTxgWHpjA0svS69WIcR3yNatW78ULFhQcecyhgelpDRt0ABnDx3Au1BjzeMNkznIezdvRMliRfXSKZCqNFQUwjt41zFOaWDijGxjfCu6pq+SWBo8Unwj0GP1FmQuXlrcdOr+G7+kSbwxdvhQhAXcNYk26WrD0qs5LL0svVqFOAESfPjw4cSuXbtQpEgRWe+VHmYMEycnRzSoUxvH9uwy6vqXNLjfOH8GrZs1QSI9zDI5eXiiTOsOGLjjEC9YY1RDVnegTm6BRprnS+IbGI7Oi9fI1tsJdV7VIQHy5MqJjSuX4W3IY8WxwZxh6dUcll6WXq1DnARFXr9+vXX37t2fK1eurJdZNyb2eLp7oE2zZjixb4+8YBjjDC9B2x0acBfjRg5H8mTJFN+rmji5C+Ft1RH9Nu/jsmSM6ky4eBuTr0Y3s1hghM0sKNWBtr3TwtVIl78QLHS8xiM6v7eKrNbyISyU83u/g6VXc1h6WXrjFDTjGxkZOeTIkSNfGjRoIAuL08NM/EPVBlImT44+3brgyqnjMi1AacA0BmhQp9ak65cvRZ5cuXS+iNLWwRGF6zdBvy17WXgZ3XExupnFzLshmG+E9XxJfGf6h6LVtPlImjGL4rmkJi7i+tKzSydZW5zTHP4LS6/msPSy9MY5SHxpcZufn9+bIUOGRGXKlIkXuMUzDvb2KFqoIKaPHwd/v4uIDA816hle+vPMof1yJbeuU2ls7BIhV8Vq6LpiA8ad505rjO6Z6HcPM+4EYx4tcAtWFkyDRYjv1OsP0HD0RHimSS9vtpXOK7VInzYN5k2fipePHxjtmKY2LL2aw9LL0qtKREVF2QhyPnz48NjmzZtRo0YNJFbx5GM0g2ZAUyRPhtbNmmL3pg2IuB+IjxFhRn1xoG1/dOs6+vfoATcdH1MJbWyQpURpdFy4Er5nrnEeL6M3aIHb9FuPMe+BcTaymHQlELUGDJcLP5XOLbWgrotlSn5rrEPrE1h8WXpjAUsvS6+qIU6M5JGRkTv9/Pzejhs3DkWLFpXyq+u7f3OHZDeJtxeqVCiH2VMm4taFsyZR0J22/6UYzJfOmY2smTPr9DhKYGGJNHnyo+W0efA5dQUTLrDwMvplwqW7mHbzEeYZaWUHn5N+KNOmMxI56/bm1NHBAW1bNMfti+cUxw1zg6VXc1h6WXpVD3Fy2EVFRVV7/PjxxoMHD74aPHjw53LlysHT05MXu6kICaCdrS3SpEqN2tWrYeo4X5w7fBDPHgTKQdAUhJfSMo7v2YWKZcvqNK2B9mWSDJnRYNQEjDp6kWd4mXiDKjtQugDVw1USS4Ml5B3mP3qF4ftPo0j9prC1123XTlqvMG28L57dD5DNapTGEHOBpVdzWHpZenUW4iRx+fTpU9qIiIiNfn5+mDdvHtq1a4dcuXLB1dUVdnZ2emgsYFoktLSEvRiIPN3dUSBfXnRu2wZL587BldMnZY5bzAD446BojNBCFeoa17dbF7mARWl/qEKC/yBxkmSo1msghh88LaVDSUYYRm9cvI0pRiq+Cx6/Rv8t+5GtdHlYJNTdJAd9u0W1ug/t2Ko4fpgTLL2aw9LL0qvzECdL7i9fvtT+8OHDzuvXr1/btm1byNKlS9G3b1/QAV2gQAFkyJABKVKkgLe3N9yF0JEUu7i4yGoQv8LJyUknM4A0g+rk6Bhv0HtzE/vA08NDlufKmC6drFNZtVJF9OjYEdMnjMOO9evgf/ki3jx59O/A9+NgaKzQe6HyamuWLEL2rLpdFZ7I2QXFm7bCgG0HlQWEYeKBmFq+c4yslq/s2ia2ud3c5UiRPZdOU5JcxPjftUN7BFy9bFLjX2xh6dUcll6WXr1FVFSU0zeKRkREjLhw4cLQtWvXDjpy5MjdgwcPYvXq1Zg/fz6mTZuG8ePHw9fXFz4+Pj+Ffk/inDNnTlVnjGkGoVzpUujVuTN6duqkd+h1+3bvhqH9+sJn2FDMnDgB65YuwYFtW3D28AHcvnAOwbdvIiIoQIhhsBj0TG+wp7SGC8cOo3aNarCx0V3h+4RW1shZvjK6r9qEcee4UgNjYFAt32tBshGEsYnv1BsP0XDMRLinSKV47qlF2jSpMW/6FJn7b67iy9KrOSy9LL3xHuJkKvr333//8eeff6579+7dupcvX657/vz5umfPnv2SV69erbl3797zli1bqloijWaOx40YjsCrfrh35XK8EHjFD/evXcWDG9ek4D69dxfP7gdKSHbDA+9JXgc/FoKoPBAaKzSAP75zE8MH9oeHu7viZ6QGFuKYSZM3P1rPXBRdqYEXrjEGyhQpvhFYaGTd22gxaMXOPeGQ2E3xHFQDGvsrli2Dk/v3yJtlpTHF1GHp1RyWXpZegwhxQlnEFvp/oaGhZ7p06aKq9NoI6Z02jhZIBP4rl/FNWID//0CPm5r00uD97ukTbFy1AnlUnsH/Ea+06VF/5LjohWssvIwBI1MdvomvUbUtFts6bP9J5KtRBwl1uBDV3c0VA3v1xKNbN8QYYn5NK1h6NYell6XXqCMkJEQ30jvWV86oKsmmoWCK0kuL1+5cOo8WjRuB2o4qfT5qYO+SGGXbdcaQvSd44RpjNEy5eh9zjWhxG6U5zH3wXKYPpc5bAAl0dBNLecOU+79+2VJx02z8pRpjC0uv5rD0svQadbD0mo70Ui99qkBB3ZbSpNZdHiA1oMhVsSp6rtnKHdcYIyN6cVu0+BrJjK8Q3+m3g9HEdyo8UqVRPCfVwFac103q18eNs6dZehX2jzaw9MYTLL0cPwuWXtOa6T176ACqVqigs3rONCOUMkdutJ6xAL6nKY9XSSwYxnCJqeM7975xlTObILa9bNvOsElkr3huqkHK5MkwZ8oks2tRzNKrOSy9LL1GHSy9piG9VFw+xP8ORg0ZBHc33S16oRap1XoPwsijFzitgTFaaIFYtPgaT+e2BY/fYMDWA8hasiwsLC0Vz8+4QteBKhXKyyY9SuOMqcLSqzksvSy9Rh0svcYvvXJGJjwUezdvROGCBXS2eM1GDOCF6jVG3837FEWCYYyJCRfvYiq1LH7wQlEyDQ3K753tH4Y2sxYjWaYsOqvf6+XpidHi5vmpGCPNZbaXpVdzWHpZeo06WHpNQ3of376BXl06wdnJSfEziSsk0ukLFkGHhavge/a6rH+qJBLGCM1Ya4JsrUwoPAejZ777XP7L3W/8/8d/9ZlNuHQX0289xrxHLxVF09Ag8Z1yNQhVew2AQ2JXxXM1rlhaWqBwgfzyJvpDWIhZiC9Lr+aw9LL0GnWw9Bq39NJgTQ02aNV1Dh12XnNNlgJ1hozGmBOXjVr8/pUhITv057jzt+B75jrGnLwi39uoYxf/h9HHL8NH/J5ymOnfRz/Hf+VK6XUY9YjZz/IzE4z/9pn5nLoiPxsqmTfyyAXB+WiOXhCPXxKfp5/4N1cx9uyN6OeRn/n/fm4TLvtj+p1gzH/0SlE0DQ0quUZVU3JWqKKzb3Uc7O1lp7b7N67KijBKY48pwdKrOemE9F5ZuhI4f0XKpUFyzg+3VqxFcZZejh+Dpdf4pffu5Qto0aih3O9Kn0dcsbKxRaE6jWSbYaORPNrOb3ITIztjhSiRFA3efRz9tuxDj7Xb0HHBKjSfPBsNRo1H7UGjUL3PYFTtOeBfqvcehFoDR6D+iHFoNnEm2s9bju6rt6Dv5r0YvOsoRhw6K2X4v6/zTagIpe1ifknM/pNyKvYndfkjqR2y9zj6b92PnvSZLVqFFlPmoMHoCeKzGYmqvQaictfeqNS5Fyp16YXK3fuiRr8hqDt0DBr7TkGbmQvRZfkf6L1hFwZuP4RhB05LIZav9+3YmHQlALP8Q4VQvlYUTYMiJLpNcesZi+CRWnfVHHJkzYrNq1eK8TFUVoZRGn9MBZZezUnh6Yn1o3xxe/V63BBiaYjcXvUHNvuMR+4MGRXfg7aw9JpAsPQar/RGz/I+xqpFC5AxfTrFzyKuUF3QlDlyRXddk2kNBixz/wpT9Db6CMkdduCMlJ0OC1aisc9kVOzSW+YlZy1VFqly5kGSDJllGSjXpMnh7OUNR3dPOLq5/4uTuwecPb3F75PBPWVqeKfLiBTZciJzsVIoUKs+yrfvJoW43eylUshoBo5mIP87I8wC/Du+/8xoVnbk4XPou2kPOi1ajabjpqFKj/4o0rApspUpj1S5vn1mQvYS02cmPhtH8Rk5uLrBPrGrhP7u5OEpF126JU8Jr7TpkCxzNqQvUAR5KtdAqRbt5Y1Mq+nz0W3lRgzceVhK8CS/e5gdEC5TCEgsFYXTUBDbR4vxynfoBjsnZ8VzN644OtijW4d2eHTrusnP9rL0ao6NtRWypUmDQlmzoWCWrAZJIUF2cd47iP2v9B60haXXBIKl13il97O4EPlfvohWTRrDzs5O8bOIKy7eSeXsJ81oGmzXtW/SRKJJaQoDdx5B+/krUGfwaJRo1kYIbjkkzZRFSm0iZ2dYi30V19XvCcT/t7K1RSIhHCRY1J0uY9ESUs5of1FJN5pNpvQIErnvxY4R0P6gmdzztzFG3CTQzUKnxWtQb/hYlG7dATnKV0LyLNnl8ZfIJTGsxcXLMo5jFC38shJjk62DIxzEDQ3dxKTNVxD5a9ZD5W590XziLPTfsl82sKDFbSS/UoCVpDPeeYcFj19j4I7DyFaqvDie1Ru/Y6D9lTN7NmxavQJvQx9LMVQah0wBll5GE1h6TSBYeo1Tev+d5V04HxnSpRMXKOXPIi5Q29O81WpLeaMaoYryEo/EiCSlLQw/cBpdlv2BGv2HIn+NOrKWsKObh3gPNnK2Wun9qQ29jqWVlRBrFyTNmBk5y1dGhU490Xb2EpkKQTPA5i6//35m4kZgxOFz6LFqC2oPGilnzdPkyQ9nTy9Y2djorCTXj5DYkUzb2DvAI3VaWQ6MPrPOS9ZinNhGmvklyVwU+v4H6Yx/SMhn3XuKZhNmwC15CsX3F1fs7ROhdbMmuOd3CR+fs/TGFpZe04Kl1wSCpdd4pffW+bNoXK8ubG10027YO30mNJs4Sy4aMqSv6KU0Csac9EO/zXvRVFz0izdpibT5CkhpSqijxhyxhRYZ2TsnljOW+WvUlQsBqZ0syR51sjMr+RXvld4vLSwbsP2gzMkt2bwt0hcsisTeSYV4GsZnRhJs6+goPrNsUsQbjp4oZ1OnXLuP+Y9eG17qQ/BbuU+L1G8KK3GDp/Se4krG9OmxZvEivAs13fbELL2MJrD0mkCw9Bqf9NIA/frJIyycOR2pUuhmhsfG3h4lmrbG4D3HDUbOomX3tsy/7L56q1zERO2QPVOn1WmXKjWgr9UpvYLKvpXv2A3t5y/HcCG//76vH96rqUDvjaDFfr3X70S9Yb7IV70OvNJmkLOr/9FRrVk1IBGnnOEMhYqhYufe4oZlsywXRqJpMGkPYjvmPXiOrsv+QPKs2RXfR1yxtbVFq6ZNEHDlksnm9rL0MprA0msCwdJrnNJ7+8I5NKxbRyfthulrevqqucP8lXL1fLzP8grRpfQKmtnt9cd2uQiJ8nQpfcEioX6+BlcNmkl0cESqXHlRoWMPmccaPfMbvfBN8f0bJXSDImT3zFW5KI1ydXOUrwwnD+845+bqmwT/SQAbu0RyQWflbn3Qa912TLkWJHNqDUF+F4W8lzPRVLnCzlE3dbqzZMqIDSuWITIiVHFMMnZYehlNYOk1gWDpNS7ppcGZCsavXrwAmTKkV9z/cYVWw1fu0Q8jD52LXxETr02LnXzP3pDlquqNGIvsZSvCxSspLK10U55NX9CNhb1LYqTNWxAVOvVAtxXrZZ1gub+NXH7pPVA+LFVFaDx2CnJXri6rY1C+s9K+MBYo9cHOyUneEFbp3k8ekzPvhsR/yoN4bRLwvpv2ImOhYuLGSnn744Ks29u+HR7cuCrHIKWxyZhh6WU0gaXXBIKl1/ik9/71K+jYppUYUNWv2GBhYYlspcvL8lvjL9z6H6HRG9TxTUCzoFQJIV+NOnKxjqHkfqqGECla+JapaAnUG+6LQTsOY+y5G8Ypvt+EnSpWtJ+3AoXqNoZbylRGL7s/QjO/iZxckLFwcZnzS+k28x6+jFfxJfGmznL1hvrKUntK2x0XSPhzZMuKrWtXm2SXNpZeRhNYek0gWHqNR3ppYKYLzuY1K+UFiC5ESvs/LiROklQW9adUgngTL/G6tDiHxLtS1z5IkT2nbJChtL2mAlUroJqyheo3Rru5S2VDBkOsmPEzaFupIkOfjbtRrfdApM6dV5YZU3qvpgLN1lNJtcL1GqHbig2YeuPhvwL6o5TqA+rUNvzAGeSuVE3evCptc1xwsHdA765dZctzU8vtZellNIGl1wSCpdd4pJcuNI9v30SvLp1hr4OFWyReucQFk8RFSWx0jpBd+mqcWso2nzJHlvyi5hD6KjlmCFiLzzVt3gKoOWC4TA+g2XZDz/Wl7aN2wO3mLpOL1Jw8vczrM7OzkznaVBfaV9ysxdtCN/GacwLCZQmzxEmSK25rXLAQN9mFC+THoZ3bhCQqj1HGCksvowksvSYQLL3Gld5wYNsW5M+bR3G/xxW3FKnQYNQEOcuqf9G6g7HnbmLA9kOo0XeoXDREdYKVttPUIWGkHNjiTVvJjmH0eSjvM8NgyL4TqDN0DFLnyicbdii9J1OHvnWhDnAlmrSWDS5mB4QJEdW/+JJsjz52CXmr1tZJwwo3N1eMGToEzx8GmdRsL0svowksvSYQLL3GIb10gYm4H4CRgwYisYuL4n6PC9TEIW/1Oui/7YDehZdej74aJ8Er3qQVXJOlMKuZwp9Bi6Yov7rFlLkYdfSCwaU7yHSGDbtQtn0XuKdKo5N0G2PD1t4B2ctUkDnN0248wiIFMdUlJL3UUKP5pFmydbbSNsYFS0tLVCxXFheOHlYcp4wVll5GE1h6TSBYeo1kplcMypdOHEPFsmVk0wOl/R4X3FOmQiOfKfqf5RWv5XP6GjosWClX+VPLWaXtM1cSWlshda68qD9iHEYcpFbQ0fvsf/ajHplw8a4UXuqAR0037BO7svB+B31DQR0BG/tMxiS/gHhJdRh15ALyVqsFCxXH9RiSJU2KGRPG482TR1IWFccrI4Oll9EEll4TCJZew5deGpBfBT/EvKlTkCql+s0oqIMZ5WIOoFleBcnRGULeaKV/i6lzkLl4KYNvMBFfUK61V7oMqCzLZB3A2PO34lV8Rx27hDYzF8kZTf7MlKGbAK+06VCz3zDZmIMWmSnJqU4Qkj3rXhhaTZsvb2aVti8uWIlrRaO6dXH30nmW3t/A0mtasPSaQLD0Gof03rtyCc0bNYSNjfqtRqkUWGPfKeLiTLmj+pEpufhJCC/VcaW6p5ReobRtzH+h7mAlmrVBr7XbZNMQvaehXLqL4YfOov7IcUhNn5kOjkWTQohv4mTJUaFDd4w5fllZUHWIz6krKFinoU7K/GXNnBkbVywzmfJlLL2MJrD0mkCw9Bq29NJgHBkeKutj5syWTXF/xwXqjpWnSg3027JPr7OHo46cF6I9GSlz5jG92rs6hBpa5KteW3Zyo7QQ/X1mt2RL6mp9BsMrfUY5+6y0fcz/QhVIygvxpdQhvS1uC3mHefefo+WUObIModJ2xQUnRwcM7N0ToffumMSCNpZeRhNYek0gWHoNW3o/PQ8T23oXg/v0hqOjo+L+jgsu4oJYb8Q4IVCUy6skO+pCs5NUg7aRz2SkypHb6FrSGgJU1ixLiTJCaOZi5NELivtZLejzolnl3ut2oFTL9khMiwwT8CLD2OLsnUR23vM5eRULvkmpoqyqiXiNEYfOIlf5KnLWWWm7tIUWtJUtWQJnDh3A5xcRimOXMcHSy2gCS68JBEuvYUsvXVDOHz2ECrSATeULF+UdZi1VFr3/2K6fr8rFa9BXrs0mzZJ1TVl4tYfysKmsW91hvhh24LROcrHpmBh79jq6Lt+A/DXrwt5Z/aoh5oSLlzcqdemN8edu6WVx26KQ95h1NxT1xDHi4OqmuE1xgRa0zZs+1SQWtLH0MprA0msCwdJruNJLA/G70GAsnTMLKZKrX37IIbEbqvUcIBeT6Vx6xfP7nrmGNrMXI32hokLazLMGr5oksKDFUulRtWd/DNxxSOxnWuCmsO+1gI6H0ccvyRbQVDbNxsFBcRuYWCBuMqkcHzWxmHL9vh7E9x0WPH4tW1tnEOec2hU2bG1t0axRQ9y7chkfjTzFgaWX0QSWXhMIll7DlV7KlXt48xo6tGqBRHZ2ivs6LtACMio7RV9fK4mPqpy/ha7L1yNHuUoG18AggYBm0S0SWMDSwgIJv0F/j4F+T/9O6f/HK2K7KGezRNNWsm3z2HM34pznS8L73wVr+ZDQ2vAaTtBnEf25/f/P6V/E44b4mVH96aQZs6D5xFmYceeJFFNlYVUHEutpNx6get8hMh9caZviArVD37VxvdEvaGPpZTSBpdcEgqXXgNMbwkNxfO8uFMibR/WLt52jI8q264zhh8/pJbWh3+Z9KFSvCeycnBW3R5+Q0NpbWcPVNhHSOLmggHcyVEyVHvUyZkOLrLnRNkc+dMxZAO3Eny2z5UbjzDlRPW0mlEieGtndvZHU3hFO1jawsbQ0GKmi/Up1WTstXitLZCl9BpoyaNdhVOs1CF5p0sPC0jDyd6M/Myu42SVCBhc3FEqSAuXpM8uQFc3FZ9Y6e175ubUXtBCfWf2M2VE1bUbxmaVCVjcPeCVygKP8zBKKzyx+awqT+NLNROfF6zAn6JluZ3zFc9NsL51/qXKq38nRLbErRg0ZhGcPAvGJpfd/MEXptRbnUEZXd+TxTILcBgptWyaxjTTOK70HbWHpNYFg6TVM6Y0ehIMwY8I4JPX2UtzPcYFmm9rPXSZb/yqJj1qQUA/bfwoVOvWEsye9j/gRDpImdyFMmcVAWCl1BnTNUwjjS1TA4oq1sLlmYxxs0ApnmnSAX/MuuN6yO2617oEbrbrjSvOuuNCsE441bItddZpjbdUGmFWmGgYWKIFGmXIgvxDmZA5OsDOA/GQbIXZZS5ZDy2nzMOro+VjdzNC/HXfuFnqv34VSrTropJtXbLGkWWxbO3Hx8kBl8Zl1zlVAfmbLKtXB1ppNcKB+K5xu0h6XxWd2tUU3XG/VTX5m9BmeFZ/l0YZtxGfWDKur1MeM0lUwuGAJNMyUHfm8kiG5ozMSCYlWel19QCX6clWsisG7jkoxVRRWlSCpnnTZH6VatpONM5S2R1toQVud6tVx68I5nulVwBSll24gxxevgI01GmN99YYGycYajTCxZEUp50rvQVtYek0gWHoNU3optSHg6mU0qV9P7k+l/awtdOHLX7MeBu8+JmuvKkmQGpBIUVmtxr5T4Z0+k+K26Bo7ITZpXVxRNU0GDCtcCuuqNZACe71lN9xv1wePO/ZHsODJvwzAk07iz07f/vzud/TviIcd+uJ2654436wjdtZuhimlKqNZllzI6eENFxvbeO1OZkkL3LLnkouXhh88o1mqg/g3vmeuo/OStchbrTbsE6u/6Ck22IqxKI1zYlRInQ4DChTHmqr1cVx8ZtfEZxb03Wf2389NfFb0Z8zn9u/j//13jzr0w902PXGuqfjMxM3LzDJV0SpbHjkr5GZnJ1MhlLZFlyRyckHZtl0wUZyDup7tnffgBVrPWKiT8mU5smbFlrWrxTgaarTiy9KrOamcnLG7bguEdh747/llaISKcYBuivN5q3vzztJrAsHSa3jSG3Ph2L9tM/Lkyqm4j+OCk4cX6g7z+VamTHepDZQr3HXFRjn7qPYM069IkOA/cLSyQS5Pb7TJkQ/zy9WQ0kTSEz0gDkTId3L044D5K2L+D/1/GlhJsgKFiF1q3lkKde98xWQahLudfbyIFEFfn1MHtyo9+mPg9kO/zdmOXrC2EFlLlYOVDnLHNSVRQitkcfVAU3EDMbtsdRxv1FbcXPSQkvvvZ/btc1P6bH5GzGdG/5eeg7jfvo+cId5Uo5GcAS6XKh287R3kNwJK26YrPFKmRpOx0zDzbohuZ3zFcw8/cFouSlTajrjgJiSRUhxePLzP0vsDpiy9T4X0/ntuGRhPxTnO0suhGCy9him9VAZoiu8YeHp4KO7juJC+QBEhoxtUW+mvBMn04N1HUaJpa+iz1BXlbGZ180SHnPmxqko9KaNBQnBi5OdHIVIDOdCKQfZh+764KSSNZn8HCZEqnCQFnONpERjNNrt4J0XxZm3Qc90OjDt/6//f4Ii/T7h4F8MOnEGDkePkosb4WmBIopnaOTFaZs2NJRVr43zTjvJGImbf/ri/1YI+M5oBJrHeX7clRhUth9Ip0sLV1k5vudrU5CN9waIyrYRyb3UlvjSTPP3WY1TrPQi2Qu6VtkVbrMV4X69WTdw8d8ZoG1Ww9GoOz/Sy9Bp1sPQanvTShSPo+hW0bNIIVirnHVrb2aFMm07yq29dzfLKtIZTV9Fw9ER4pEqtuB1qQ/mfSewdUS9DNpmnS7N4JDTazAxqS4z80p8kUpQrTAvi0ru4wdoifjqYJRI3HPmq15EL3Ogz+f5Gh/JJq/YcAK+0GWCh5xnOGFzF8VgxdXrMKFMV55p2+u9nJlDax2rz/Wfm37YXdtVujn75iyGHh5dMs1DaZrWxERJKjT/ovFkc+l5RWuOMkN75j17JCh+pVV7QRjdYWTJlwpbVK/FRYTwzBlh6NYell6XXqIOl1zCl9+COrSiQL6/i/o0L3hkyoeXUuRh75rpm+Z5aQBfvXuu2I3uZCnppMWxrmVAuThpRuIzM173fvi9CvuV5Kg2I+oDyS+lr+YvNOmFmmWqokCq9zPdV2n5dY0ML+IqXRovJczDq6AX4nr0hP59SLdrBNWlymQ6i9P90iZW4CaDV1b3zFcW+ui0R1K73v/KptD/1AX1m9Cfle9OMc+30WeGZyF5x+9XGM216WRN57v1nOp3tnXT5Hko2aw0raxvF7dAWF2cnjB4yCBH3A4wyxYGlV3NYell6jTpYeg1Pet8/DcG8aVPgpXJqQwJLC+SuXB0Dth2UdXOVhDWukPCOPnYJ9DWqk4en4naoCZWhqpImI5ZXroubrXooDoDxTWDb3thRu6ksf0Yrn+OjzJmllTVS58orc7nbzFqE/NXrwj6xq+K/1TXWlpYoliwlZpetJhen0c1BfMruj9C20IK5ww3aSClP7eSi88+MFiDmrFBFtg3WVe1ekt65Qc/QbOJM2X5caTu0hb6RqlezhtGmOLD0ag5LL0uvUQdLr2FJLw2+j27dQLcO7WFrq+5sDBWnr9qjv2wFrKtZ3vHnbqLTotVIV6CwzFdU2g618LJ3kDVad9ZpJmd3aRW/0gAY39B20df2pxq3x8CCJWTZNH0vmCIsLBPCI1UapMieS36lrvRvdI2rXSLUzZAV66s3QGC7XnJRmdI+i2+iq3gMwKXmXeBTtBxyuHvpPEXF0d0D9UeMxcy7oTqr5rAg+A0G7TyCdPkLKW5DXMieNQv2btnEM73fwdIbP7D0cvw0QkNDT+tEesf54tn9QCmWhoKxSO+pA/tRqlgx1fMsk2bOinZzl+pulvfSXQw/eFrmDCcSA6PSNqhFMgdH9MxbRKYzPKQ8UIWBz9CgbaSZzamlKqOgd3I546n03kyVpOIz65KrIA41aC0X/Rn6ZxazfVT7d175GiiSNKVMy1B6b2pAVTeyFC+NwXuO6TTFYeJlf9ACU7VTjzzd3TFz4gS8fvzA6MSXpVdzWHpZeuMtxEmUXJAnKioqV2RkZK7Xr1/nevbsWa6QkBDJw4cPf0l4eHi2Bw8eXOvQoYPq0jtpzGg8uXsLwbdvxitP7txCyN3bCPW/K0T3LiKE6NIMdIwIG5L00sD74ekTrF2yCCmSJ1fct9pCAp2rYhUM2HFIp7V5Oy5cLTs/6bJWLS1Y65GnsGxAoDTgGTI0g3i3dU8sr1wH5VOlU71jkCFCpdtSO7vKWe7zTTsp7heNEDc3//5dXNTkYrdO4sJLF19B9M/f+PHfx5GAtr2xqEIt5PdOioQJdDdLTylBlIIyOzBcN7O94jnpuZtNmAF7V3XrMVOr9E6tWyP4zk2jS3Fg6dUcll6WXr2FOGksSXT//vvvIRERESOF2J68ffv220OHDr1ct27dy7lz576cNGnSy9GjR78cOnToy0GDBv2SIUOGvOzfv/+XvHnzqjqrSF16Kpcrh4G9emJAzx7xQE8M6dsbowYPxPiRIzBr0gSsXrgAezZtwIWjh+F/6QIe3rwhpfdd6BMx6BnGrARdKJ4KMR82oB8cHR0V9622UJtaqts66thFnVRtoOek5y7foTsSOat30fgRqqXaNXchnGjUTg5uxjDD+yO0zVSSa0vNJrJDmEcie4NpZ6w2NJtdwDs5JpashKstusr3HuvPrIP4P+ICG9JtCJ72GYlnQ8fjxeipeDV+Fl5PnIM3k+fhzaS5eD1hNl76TMfz4ZMQPsAHIT2G4UmXQcrPGUtIqKnOM834UttqKx2lp1BKENXSHbrvpM5me4kBWw8gbd78qrZkphvdsiVL4vKJoyy932DpjR9Yek0gxAmT6t27d32Dg4P9xU6PWrZsGXr16oWaNWuiWLFiyJ49O1KlSgUvLy+4urpKabK3t/8tNjY2UlLpJdSEZo5pxje+oFkHJydHuIt9kTxZUmTNlAmF8+dHtUqV0L1jR8ydMgVHd+7A/etX8DbksRz0CKUBUV98fhGB2xfPoXaNaqrOvBNeadOjzewlv21UoC0kvd1XbkKGgkWRwEI3s7xO1jayixYJ72MSIYXBzligbaev+KlVbrc8hZDC0dnkxJdqJpdNmRYrKteFvxDGkB/2gSaQ7Ib2HoHnIybj3fRF+Lh4Df5atQlf/tiOfzbtwtctexC1dZ9gL75u3o0vG3bgrzVb8GnZenyYswyvxs5EmBDgJ10Hi+eLW/4wfWb+bXphbrnqsha00ntWA8rtbTBqPOYERehktlemOFy6izJtOqreNCZTxgz4Y9kSvA8LiffxNDaw9GoOSy9Lr07i26xu5qioqCrihNl4/Phxv9WrV6N79+4oUqQIUqRIAbt47J5krNBshJO4IUibOjVKFiuKHp06YM3ihbh2+iRePnrw7wD446CoD+h1D+3Yhtw5cyhuu7ZYCoHOUa4S+m7arZNZ3vEXqC7vFdToNxTOnl6K2xBXaMaQqjRQC1laFKY00Bkr1IxhSKFSsk+8pQ6/OtcniW3tUCdDFmyq0VhWQojtDQrN0D7tOwovx85A5IKV+FuILAkudhzQmKht+/Bl/Q58WvoH3kyZh/DBYxHSfYji62kKvQ/K8aXPixZSKr33uJJAHOt5qtbCmBN+WKSDur2LBHPvP0eLKXPg6KZuhRg3V1eMHDgArx4/wKfnLL0svfEDS68RhpDdFq9evQo/evTou4kTJ6Jy5cpImTKlPInErxkVoJQOR0cHpE+XVpbboTSIC8cO46UYsP8Ug6A+5Zde611oMOZNnypnppW2V1uoA1Olrr0x8vA5nUlvv817kbNiVZ3U5aWc0PxeyWRZMm0EytCh93OlRRdMLV0ZhZImh43Ks/z6hGarkzk4oVOuAvKi86BD7BeshfYchpc+0xC5cLWcuSV5VZJajdm+H1/FDd/nlRuE/M7H036j/5v3qyVUiYO+daCSeUr7Ia54pE6DDgtW6LRLW99Ne2QZO6XX1xYqXdakvjhPr/nF2+SBNrD0ag5LL0uvqiFOjFRv3rzpfe3atbfTpk1DqVKl4OTkpNOFQQzlISdE0iTeqF29GhbPngl/v0t4//SJ3gZuyoGjQbdvty5wcFB3BsktRUo0nzw7OrVBbekVzzdWPC/V/vRInVbx9eMKrfr3KVYOt1r3+LeBgKlBYnivbS+ZClDOSBe40c0JdZ8bXLAELnxbsBYb4X3SeQDC+o/Gu2kL8fe6rVJWsfOgssjGFnoewddNuxC5YBWeDZ/4LeVBeVt+xyPBjtrNUDpFGp3MztskskeFTt0x9cZD3cz2CpEee+YGCtZpqOp6DrpOFS9cCEd371Qc5wwVll7NYell6VUlxAmRMCoqalBwcPD1devWoU6dOvD09FS9bBXza6ytrJAhXTp0btcGezdvRETQPTkg6lp+P4nnv3/jquxhb2Gp7kUoY5ES6LF6i7K0xhGqBEEF9cu07aR6T38iUUIrNM2cEycbtZdNDJQGOFOBBJEWuFFKQL2M2eBuZzzf6lD6SV6vZJhYsqKctY5tzWTK3Y0YMhaR81fIWVlFcVUJmjn+vHKjXPRGi+OUtud30MI2quhAs/NpnFwU90lcoPJlmYqWxPADp3SW1zvzbohMSbIVN5VK26AdCZAmVSosmzcbH8JD9TZpEFdYejWHpZelN84hTgaLz58/j/L39/9nzJgxyJw5s+oLmZjY4ejggGKFC2P25InyqzqlgVJNIsUF4tjunShSsIDi9mgLdXoq1qSluHie1klqA9X87PXHDmQqVkonzSjyeCbBmqr1ZS1epcHNFKH3erhBa1nTllIFlPaLIWEnbkxodppmqe+06an4nn6FFN6h4/HnotVyQZqSqKrO9v1ywdurcTO1z/MVF1YqwdYya265aE9p38QFtxSp0HrGQsx78EJ18aXno+ftsGAlPNOkU3x9bbEXojfiW14vSy9Lb3zA0mvAIU6EXB8+fJh44sSJLy1btoSbm7q1ExntoVnSdGnSYHDf3rh25pRMd1AaMOMKDbj03ItmzUDqlCkVt0VbHNzcUWvQCIw9c00nXdjGnb8lF8S4p0qj+PpxwcHaGt3zFJYNHQy1c5cuoBlf4lyTjhhaqBQyu3norERWXHG1s0OdjFll+bUH7fvGvkKD+FwjBo/Fx8Vr4567qwUkvi99ZyBEy1QHukFZVaU+sqi8IIygrnmlW3fUWYoDdWcbvv80MhUtofj62kLVgFo2aYyg61eMpnQZS6/msPSy9God4iRIHRkZ+eDgwYNyoRpXYzA8SHyTeHujfauWOHPwgJDTYNVnL+j5XooBd1DvXnKQVNoObUmaKQvazl6iky5sNHM8+thFVOjUE4mc1f2KlxZE5fFMig3VG8lqDbHJDTUlrgrhn1b6Wwc3HbfBjS00C90xVwEcrN9aqwVrBNXdjZy7Qn8zvD8QtX2/THV4PnKSVovbKI3jSouu6JyrIBzUzsMWYw99gzLi8DmdLGaj2d7JfgEo3rSVqqXLaMwsW7IEzh46wNLL0hsvsPQaYIgTIMGrV6/G7dq1C0WLFoW1yvUSGXVxcnRCswYNcPrAPtVnfGnADbzqh8b16ym+dlzIXLy0XKWti1leyucdvPsYclHVBit1qza42Niib/6icpZXdtpSGNjMARJJqg27rFIdlEuZDo4GsMCNFqyldU6MwQVL/tthTRvhpXza15Pnynq7qi1Y04Zt+/Fx0Rq5iE5pO38H5Zqvr9YQOdzVL9dH9bU7LFyF+Y9f6yTFYZZ/KOqPHAdHN3fF19eWjOnTYeua1Sy9LL3xAkuvgQUJ759//jl6z549/1BjCbozpocZw8bZyQktmzbG+aOHVJ7xDcPJ/XtRslgRxdfVFhLRIg2aYPiBMzpqPXwLXZatR4rsuRRfPy7k8vDG5prmPcsbA73/++36YFutJmiUOSfc7ewV95k+oNxV6kg2pVQlXGnZVesbEsrjfT5yskwvUBRRfbLzgGxs8XbaQoR2H6q4vb+C9sHl5l1kCTO1Z+Opk2LN/sMwJ+iZ6tK78Mk7zH/0SjaV8VI5r9fd3Q0zJ43/t/GP8rhnOLD0ao5XIge5YHVrzSZy0a0hQulWNEZldlX3Zo6lV4sQB77lX3/9Nfr48eNfy5cvzwvWjAxX18To0LoVrp89hY8Kg2dsibkgbFmzCpkypFd8TW1xcHVDtd6DMOr4ZfUXsYnn8z1zHQ3HTIRrshSKr68tJA4ts+XGJSESsa0CYKrQfqD80UP1W8s2zMkcnBX3nS6xFWNVmRRpsLxSHdmSV2k7NUK8j6e9hyNy/srosmRKIhoP/LV6syxlprjNv0DelLTvixllqiGpygsPqXpP0UbNMeV6kG5Kl4W+k9VXMhQqqvj62kILgfv36o6wwLtGMdvL0qs5dONLOez5vZMin4FC20ZdE9VOOWLp1SLEgV/s9u3bX+rXr8/Ca6R4eXrK1cmPbt2Is/jSYEvpEvNnTIWHu7p3pZ6p06HV9PkYe/aG6ukNMp9XyHS59l1h56juhT6JvQOmlq4iZzfNfZb3e6L3RT9caNYJQwqVlLMYCfW0wM3NLhHqZsiGTTUaCcETn0tc6iWL//ti9BTZLS1e0xp+gNoZv5u1BCE02yvEXHHbf8GhBq1RMnlqxf0XF7KWLocRB8/qSHrfy3O5aMPmSKhiow1qBd+kQT1Z+YbaqyuNfYYESy+jCSy9sQxx0KcMDQ09M2TIEDg6qlkbkdE3WTNlwpI5s+RAGTNbqw00CxJxP0BKNM2OKL2WtqTLVxC91m3XSakyek5a+Z23Wh1YqFyuqWCS5Nheu5miWJg7JL7E1ZZdMaV0ZRROmkLOwCrtR7Wg5iBUPo1mmeOcbiL+f0i3ofgwZzmithnOLG8Mn1dtRsSQcXgcS+mlmfjbrXvITnRqd9RLkTUHeq3dphvpDXmHmXdCUGfIaNg5qXfzamGRAKWKF8PVMydZell6TQaW3liEOOBt//rrr2ObNm2S7YTpIcZ4oVn68mVK4/ie3fgQFqK1+H4W0nv/+lW0b9kCdra2iq+lDVY2Nshfsx4G7T6qE+mlmWNaIJe5WEnF19cWqtrQKFMOXGzWWYqEkmAw0fi37YVVVeqiQqp0somH0v6MC7RgLZ2LKwYWLIFzTTvKBVtqzLyHD/DFX0IuDWmWN4avm/fg9cQ5CI7lIh3aL/TNxKyyVZHCUd3Uk8RJkqHtrMU6kV6qCkGtjqleb+Ik6rY/z541K47s3I6PEZzTy9JrGrD0xiKioqIaXr16Naps2bK8cM1EoIVtvbt0jlOf+b9eRMgawFUqVFA13YVKiFXq2hsjjpzXjfQKOi5ajVQ5cyu+vra42NphaOFSsiWvOVdt0ASqXRwkRGtzjcZokCk7PKiDWwLl/RpbqMNafu9kmFyqEq626CpfTw3hpQVsr8fPiv+KDT9j+37Zpvhp75GxT3Ho1F+uGC+o8opxSh9qMGI85j98qYPFbNGzvf0270PKHOqey1RzfNncOXgd/ChO34bpA5ZeRhNYejUMcbAnevny5QkfHx+uxWtiZM6YEeuWLsa7UO2qOfz18pms3JA7Zw7F59cWZ08vNPKZDN/T1zDhgvqL2GKaUnilzaD4+tqSMbEbFlesJRsdqCFZpg7tI9pXRxq2QbfchZBcCBLNlivtW02hDmtlU/53wZqanwOVKYuct0LWx1WUTgPg77VbEDF4nOL2/wq6CaEbhNrps8BSxVxrayFOlbv3xYw7wTqT3pGHziFHucqqTsi4u7lhxKCBCAu8Z/CL2Vh6GU1g6dUwxMFe68yZM8iTJ4/ijmSMFxsbG7Rq2gT+fpfwUYuBnfrTb1q1AqlUTnmh1qLt5y1Xlta48k16qb6ni8pfiRZJkgJ76raQuaNKYsH8nPNNO8oFbhnEjYNlAu2ky8XGDnUzZI1esKaDhYTUjOLT8vWGOctLiO36Z9NuvBgzNdbNKkh677TpgW55CsFexVXjVja2KNGsNSZd9tdZXu94cWNcomlrVVuJJ7Kzk53ZaMEvpXEpjX+GAksvowksvRqEONAt3rx5c3LUqFE8y2uiZEiXFmuXLMKbJ49jVc2BBtqXjx5g+vhx8PJQt41puvyF0GPNFp0tYht37iaq9x0Cexf1LhA0Q1k9bWaZz2tObYfVhGYaqfJFYXHzYBuLdBnK303p6IzOuQrIr+h1NdNOLYdlbV4Dlt6vW/bgzaQ5COk6SPE9/AxKxwkUNwrji1eAO6WaKOxnbbAUAp2veh34nrqqM+mdcTcENcT5bKVyZ7bypUvj9sVzLL0svSYBS68GIQ70umInReXOrW6+FGM42NJsb5PGuHflEv58pjyoKkFf+YXeu4OBvXrC2VnFldOWlshTpQYGbDugM+mlMmgVu/SGTSL1GiXYiu1ulS03brTqztKrJSEdB8h86DVV68uv2amQvNUvvmqnGw2qZUn5u77Fy+GSuOGg59FVasnzEZPw9x/bDFd6BVHb9uHd9EUyFSM2eb20z+gbCkrPoYoXSvtbG6g6SvYyFTDy8Hks1pH0zr3/HM0mzISDysX8C+TNizOHDmiV+qVPWHoZTWDp/U2Ig9zm06dPJ+fMmQNbFVfm/woqZk6v5ezsDFdX19/i4uKiegtkupDSV1suTs7xgrPA3t4eVjou5fQ92bNlwe6Nf8iau5oO8CS9D25eQ+tmTVX9FoD66Jdq0Q7DD57RmfSOPuGHsm07wVrF49rR2gbd8xSWpZ94EVvcoGYJRxq0hk+xcnL2nIrJJ3N0lPV2XW3tpAxTK+FiSVPKfb6uWgPcEjcbOq2YIT5TShswtPq8/4OQ3vezlmpdr3e92JepnVwUj3FtSCDG9AyFimHovpNY/PSDorjGBZLeeQ9fosuSdUiSIZPiNmhLtsw0Lq5HZHioQYsvSy+jCSy9vwlxkCd/9OjRhxo1aijuQLWgr5FIYPPly4eGDRuib9++GDNmDCZMmPBLJk6cKE9ImoUmWVZ6bm2wtLRExbJl0K9Hd/Tt3k3v9OnaFZ3btkXjevVQtmQJpE2TWtVyYErQzcPIwQPx7EGAxos2qH6lv99FVK1UUdVcOutE9qjeZzB8Tl9VvSkFQdI78sgFlGzRVuYbKm2DNrgK8R9SqBT823DlhrgSM1N7t20vnGzcHmur1ZetQwcXLIkBBYpjdNGyWFihJvbVa4nrLbvJbm+6mt39F/GZvvSZjn827hTSqyCbhsK2/YicsxyhPWIvvfQNxY7azZBV3GQoHePaQON7mjz5MHjXEZ1Ib0zZsoE7DiFj4WKK26AtaVKlxMoF82M1GRAfsPQymsDS+5uIiooac+LECaRIoW6b1u9xcHBAiRIlMGrUqKj9+/cjKCjopTjBNj1//nzTixcvfsmbN282BAYGvmjVqpWq5bJo5njciOG4f+0KAq/6xQv3/C7h1vlzOLZ7F+ZOnYzmDRsgfdo0sLZSv54pQTcNtatXxa0LZ8UAqrn0Xjl1AoULFlB8Tm1xdPdAg9ET5WIzXUnv8ENnUbxJS1kPWGkbtMFTyPqYYuW4XJmKkIQRVGOX8k2pti/dVAS06y1Fl34XKtC58EoG4MVow5/ppfQGbWd6aX/SQszcnkkUj3FtSZkjl5RSnUgvEfwWY076IXfl6oqvry3enh6YPn4s3oY8Zull6TV6WHp/E58/f146d+5c+VW7+FF1vL290b17d5w8efLLw4cPJ/z555/1xIlVXmChCeI5/hMWFnamS5cuqkovtaCcNs4Xz+4HIjzwXrwQQQQF4Om9u3h8+yYuHjuM2ZMnokyJ4jL1Qmm74wqVHdu9aYPioPozju7eiRzZsio+n7Z4pk6LFlPnRUuvgrTGlQkX78rUiaKNWiChmtJr7wDfYuVZenUEpS7QfpXQ3xX+ja4x5ZxegqR3r5DePCpLL3Vloxx9nUmvYMrVIBRt2Ezx9bXFydEBwwf0x+vghwZdtoyll9EElt7fRERExOp27drppBmFh4cHRo4cidu3b5/7+++/O0VFRdmIx2MdISEhupHesb5SOsMC/OOdGBGm0jlUHqxiuTKy1JjStscFT3d3zBJirclXefR7+ncbVy2XM9BKz6ctVGS+44KVisKqBjHSW6xxC3Vner9JbwBLr8liLNUbqCvbk1hWbyBipDevl7ql/FJky4mB23U300t5vTPvhqJ8x+6wVPHbMCvxXN06tMOzh4EsvSy9Rg9L7y9CHOBZAgIC3hYtWlRx58UFWvTUs2dP3Llz55x4nbTiMa3DHKQ3Btqe4Ns3sW7JYhQpWFDV90xYW1uhT/cu8rU0kV4qcTZ/+lQkS6rurFCmoiXRc81WRWFVA0pvGHHonKwdqqb0eiSyx8iiZTmn14QJ6zMKn020Ti9B0ru7TnPk9PBWPMa1gSZNUuXMg4E7DutUemcHhKP24FFI5KLeIjxK+2rWsAEe3rzG0svSa/Sw9P4ixAFe8PTp08iQQd2OVTQAli5dGhcvXhQvgQbisTiFOUkvQTO+969fxRRfH6RUOdeaBvhGdevg1oVz+FMD6X35+AHGjxoBN1dXxefTltwVq2HAtoOKwqoGsnrD8Uso3boDrFRcIEgtiAcUKIE71AWMpdckCek+BJFzV8h2v4rSaQD8vWYLnmnRkY0g6d1Wq6lsEKJ0jGsDVW9Il68Qhuw+prv0BipbFvQMzSfNhmsS9doo0/WqZtUquHHuNEsvS6/Rw9L7ixAHeIE1a9bIvFv6US3c3Nwwbdq0qMjIyOPiNazFY3EKc5NegsT3wtHDqFO9uqrvm0q1lSpeHKf27xWDqPLgGsMnMcg+fxiEwX17w1HFmp50kSlSvwmGHzqjk0VsBEmv75nrqNi5F2xULMJPXaw65yqIW624ZJmp8qTzQLwePxtfN+0yzNleIeORC1bhae+RWpUrI9ZWrS8bfSgd49pAN9OZi5fC8ANnsDhUd9I7/+ErdF6yDt7p1StbRuNR+TKlcf7IIZZell6jh6X3F0HSO2nSJNUXsdEs7+7du7eL508hfo5zmKv0Pr51AxNGjoSHu7rF2LNlyYxdG/5QHFi/hy4AEfcD0L1TR6hZw5lq9JZp2wmjT1yWcqokrXGFnjemI5uaX4VaWViiceacuNaiG0uvCRM+0BefV282SOn9ujk6nze4c+zzeWlh4MMOfTG3XHV426vYnEKMzTkrVMXoY5d00pEthgWP36Df5n0ylUJpO7SlWOFCOLZnl0F3ZWPpZTSBpfcXQdI7ePBgWbOWflSLbt264dmzZ6rtdHOU3hi2r12DzCqnn1DKxPoVyxQH1u8h6Q0T8t22eTNVjxFbRydU7t4XPiev6FZ6z99E3WG+cPZS95uMCqnS43TjDkIiWHpNEiqT1n0IPsxZhqhthpfi8JeQ8WdDxmk1y0s3agFte2NE4TJIbKtehRhLMZ4WqtsI487e1Kn0LhIM338a6QsUUdwObcmXOzf2bdmEzy9YesVjeg2WXnVh6f1FkPTSYjP6q1pQxQEh0v+8ffu2ifhZlTBX6aVyaqcP7EfxwoXxnwTqVdfw9PDAqkXzFQfW7yHpDb5zE43r1VV8Hm1xdHdHzQHD4XPqqs6kl9ImqBxa47FT4ZEyteJ2aEs+76TYWqupbOcaHyW1GD3QqT9ejJpicPV6o7buw/uZS7TuxEb5vJSa0y5HPtglVLECgq0tyrTuJEuKLQrRofQKofY5dUWmUihth7ZkzZwZW9eulnXJlcZCQ4Cll9EElt5fBElvx44dFXectlBrYR8fn1fBwcGJxc+qhNlKr9i2S8eOoHqlikio4kyrs5MTls6Z/W0gVR5giY/Pw3DvyiXUrlZN8Xm0xTVpcjQYOR6+p6/pVHrHn7+NNrMWI2lmdWsMU/vWWWWrIqhdH5ZeU0UIZWivEYicZ1gL2v5evRnPh09U3mYNIOm90KwzKqXJIHNZlY5vbbC1d0CN/kMxOyBMVllQElY1oEVy4y/cQc7yVRS3Q1vSpk6NdUsXs/SaiPTaWFkjc6rUyC9uZvJlMlyypE4DB5Vr8rP0/iJYeo1DeqtVrAjLhOpJr4uzkN65GkivGGSvnjmFyuXLKz6PtlBjiqYTZmDs2Rs6W8gWQ481W5C+QGHF7dCWRFZW6JWvCFdwMHHos6VGFbJmr4KA6pWd0bm8b6ctlKkXSturCdT1blutJqqWKyPo25vmE2dhYfAbRVlVi8Wh7zHp8j0UqFlfVoxQ2hZtSOrtJcdEll7TkN7kHp5YM3w0rq9YgytLVxkk15avwfrRY5E7vbrpiyy9vwiS3l69einuOG2h9IYhQ4Z8+fjxYyPxsyph3ukN+1BMJ+kNCxQH1u+hQfbs4QMoXaK44vNoS9JMWdBm5kKMPadb6aVZ5MF7jssFNmruP6Jmusw43aS9ECNluWBMg5Bug/Fm8jz8szGeKzls24ePi9YgfMAYxe3UBPpWIqhdb4wtXgGeiRwUj2tt8U6XEV2XrddpPi9Bzz/5ahCKN20lF8QqbYs2uCZ2wZwpk7h6g4lIb7qkyXB16Urg/BXgzCXD5Jwfbq1Yi+I5cyq+B21h6f1FkPQKQVV9IVvXrl0RFha2WPxdlTDnhWzbaCFbRnXvBFOlSI4NGixkozq+1IK4aKGCis+jLaly5Eanhat11oI4BpLeUUcvoliTVrCyVa9sGZHT3Qt/VG8gZ86UBIMxHZ72GSnr9n7duldZSHVMlOCvVZvkrLM2zSj+Rfzfqy27ommWnLBMoN4sKZGhUFEM3HlYL9I77cZDlGvfFdYqliJ0cnSUddEjw0OVx0IDgKVXc9IK6b28ZAVw9jJw6oJhIsT3xvI1KJaDpVdvQdKrq5JlO3fu5JJlcSCmJfH4kSPg7q5eEXkiW5YsGpUsIw5u34pC+fMpPo+2pM1bAN1WbsI4BVFVE5JeqhBRrfcgOLp5KG6Ltrja2GF00bK4R+2IlQSDMR06RbcmppnWKL2L7378vXYLXo2bKWedgzsobJ+G0A3ajtrNkN9LvcYOMeSpWkPWxdaH9E6/9RhVuveDrYq1wx0dHcRYOxzvQh7/zxhoKLD0ag5LL0uvYpD06qo5xdSpU79GRkYeE6/BzSm0IEJI77kjh1CrWjVV3zc1p6B0hVMH9uKjwsAaQ8zv9m7ZhPx5cis+l7akL1gEPddtUxRVVRHSSykULafNh1fa9Irboi2WFhaonT4LzjTpwHm95kDnAVJ8/1y0Wn/iuz2685oU3jjk8RKyVFm7PhhbvDzcVP7Wg9IMyrbtghm3n+hFemfcCUaNPkNg5+ikuD3a4OjgAJ9hQ/D6ySMplz+Oh4YAS6/msPSy9CqGOMB11oa4VKlStOOj/vnnH25DHEtoljfo2lVM9hmNlMmTK26/tsg2xPXq4vbF878c3GN+t3vjBuTNpe5JmbFQMfTZsBMTlERVZWi2t8/G3chQuJg4LlX+SjexG5ZXrov77fsqigZjYghxjBg0FpHzV+Lrpt3KoqoSX7fuw+cVG/HSdzpCusVNeAmSXqotXTd9VliqnN/u4pUETcZNw7yHL3RauYEg6Z15JwS1Bo5AImf1ms442NtjxKABeCmkkqVXv8HSy9KrtxAHeJaAgIC3RYsWVdx5cYE6eFGTijt37pwVr5NGPKZ1mJP00vYE376JNYsWoXCB/Kq+Z8LKygp9u3VFWKC/RtK7Y/1a5MqeTfG5tCVT0ZLot3mvfqT30l0MP3gGRRs2h00iddN4qCVx62x5cL5ZJ05xMBNIHsP6j8G7aQvlLGzUtn3qLXCj59l5QC6a+yDE+vnwSXjSdbDidsQGOjYfiBuzhRVqIq2zerIUA+Xo99u0V0gpVW7QsfSGCOm9G4o6Q0YjkYt674Wkd2i/vnLxMEuvfoOll6VXr/H8+fPVHTp0kDOA4kdV8fDwwIgRI3Djxo2zf/31VwdxQmmV6mAO0kuzuzKP9+YNbFyxXPaCp21U2va44OnhjtmTJ+H90ycaSe/WNauQPWsWxefSlizFS2PAtoO6q9H7HfQaVA+4zpAxcPLwUtyeuECzvUsr1ZZSweJrPlBzCGpe8efCVfiyYacqndu+bt6Nzys3ymoRT/uOituite8gUT/XtCMaZc4BG5UXLVuKm+g8VWrKG1hdpzYQNJM80/8p6g8fC/vErorbpA32QvwG9OopO1Cy9Oo3WHpZevUanz9/Xjpv3jw4OKhbwiYGT09PdO7cGUePHv0SGBg4/v3793WjoqLKiZPLQhPEc/wnLCxMN9I7zlfe2ccIp76hvF2S7qf37spFa+ePHMLMiRNQqlgxJFK5YHUMeXLmwJ7NGxQH1e+JGfg3rlqOLJkyKT6XtmQtWRaDdhyWs7BKoqo29DodhZwkoyYVKn+1a2uZEC2y5pZS8YTbEpsVTzoPRFi/UXg1bhYi56/C32u34uuWPdGzvySycub2h1ngnd+gv2/fLytCfNmwA5+W/oE3UxYgYsg4VdIZYqAbscB2fTC7bDWkclQvHSAGB3HTV6PvEMzyD9Wb9M66F4aGoyfC0VW9Bb4kfn27dUOI/x2WXj0HSy9Lr15DHORjTp48iZQpUyruQDWg6hDFixfHyJEjo/bt24egoKAXISEhGyMiIja+ePHil7x582a9kOUXrVq1UlV6rYX0jhsxHPevXUHgVT+9EyC4d/kSbp47g6O7dmLOlMlo2qC+7AxkbaVee9DvsbC0QJ0a1XH74jl8ev7rgT1m4F+/bAkyqZzzna10eVk/V1/SO/GSP/pvO4DclavLmSmlbYoL6VxcMadcNdxv30dRPBjT5kmXQQjrMwrPR04W4joffy5Yhc+rN8kZYMr9/bqF2BPN5j0yfeHvtduk6L6bsRgvfWcgfKAvnlB1Bh3UfT7asA2qp82kepkywjtDJnRbsRELHr/GQh3n8xIkvdT1rbHvFDi6uStukzYkSmSHHp06yrbrLL36DZZell69hjjIkz969OhDzZo1FXegWtDiNldXV+TNmxf169dHnz59MGrUKIwfP/6XTJgwAQMGDEDu3LlVTcGg2sQVypRBv+7dZI6rvundtTM6t2mDxvXqokyJ4lJ27WxtFbdVLRK7uGDUkMF49iDwt0XYaYCNDH8qW3NmTJ9O8fm0JXuZChiy94T+Znov3sHoE5dRtddAVfMAY7ASx2W1tBmxv14rPOrQT1E8GPOAxDWs7yg8GzIeL0ZOwcuxM/Fq4my8njRX8mr8LLwcPQ3Phk1E+AAfhPYYploaw4/QLO/t1j0wokhpeKqcz05YJkyI3JWqw+fUVSwO/aAoqWoTLb3haDpuGhzd1StDSN+sdevYHo9vXWfp1XOw9LL06jXEQW7z6dOnk3PmzAEtPqOHdA0JML2Wk5OTFOHfQa2NqdOb0nPFBTsx0FFL3vjAWbx3yiNTe6Har8iZLSt2b1z/23xeIub365ct1dFM7zG9SW80t9Bu3nKkyC4GGJVTHAiq29sjTxFcbNaZc3uZ/9bTFUJLi9H+pfPA6NncONTb1QQ6BoPa9ZHVRfJ6JoGFDo55qp5QZ9Co6NSGEN2nNhAx0quLmd6enXmml6VXj7D0xl+IA72u2ElRNAtLPzKmh624aWjVtAkCrlz+ZX3eGGIG/k26yundqb+cXsnFOxi65wQK128MKx3d3KV3ccW0UpWjG1boaPaOYTSFvnmgtAZrC3UXr8WQIlsO9Fq3HQtDlAVVF0jpvReGRpzTq/g+tIGlN55g6Y2/EAe6xdu3b0+NGTNGzn7SQ4xpkSFdOqxduhhvQh7HSnqNvXrDv4jXGnf2Bhr5TIJ7itSK2xVXEiawQPFkqbC2agMEteutKCIMow+ojF7n3AXgYqObG7yE4ia6RLPWMl9eX7O8BEmvbqs3/LqUY3zC0qs5LL0svb8NcbDXOnPmDPLkyaO4IxnjhVJJWjVrCn+/i/j4m1zeGGIG/ug6vdkVn1dbMhUrgX5bqE6vHqVXQJLdb8t+5CxfReYjKm1bXLETz1slTQZsqdlENq3gVAdG31xu3gWDC5VECkdnxWNUDTzTpkO7OUsx79ErvSxgi4Hr9LL0agJLL0vvb0Mc7Ilevnx50tfXl2d7TYwsmTNh3bIleBcarPGAHvPvdm1cjzw66ci2Sy/NKb5H1uw9dRU1BwzXSc3eGBJZWaNexmzYU7cFHnbox+LL6IUnnfrjWstuGFO0HNI6u8q1E0rHZ1yhtsMFazfA2DM35MyrkpzqCu7IxtKrCSy9LL0ahTjgG167di2qXLlyOhswGf3i7OSM3l27IOjalVgN5jEpEHu3bEL+PLkVn1tb0hcogp7rtiuKqa4h8e2xegsyFysFC5UL9X9PYhs7NM6UAztqN5OpDiy+jK650rwLxhQrh0yu7jodv92Sp0TzibMw74Hu2w7/CEnvjNvBsjawnaOT4vZpg6ODA3yGDsHr4EcsvXoOll6W3ngLccDbfv78+fjmzZt1WreX0Q9UGaJi2TI4sW8PPoSFaDWYH9y+FYXy51N8fm1Jm7cAuq3chHHnlcVUl8jyZccvoUb/YXDy8FTcPrWgNsXV02XCxuqN5Ep6Fl9GbWKOqfNNO2JQwRJI6+KKBP/RnfBaWiZEzgpVMOzAKSGh+hVegqR3+q3HqNKjP2wdHBW3URscHR0wbuRwvNVwzUN8wNKrOSy9LL0ahzjoU1EHtGHDhomBQL1BhdE/2TJnxtK5s/Hy0QMxYCoPpL/j2J6dKFqooOLzawv16u+4cLWQ3luKYqoPev2xAznKVkRCa/VL4X2PvZUVKqVOjxWV6uB2mx4svoxq0LH0qGM/HG/UFj3yFkZyR2chvMrHoVokFjJRf+Q4TL4aqCiluoakd+qNhyjbrgus7RIpbqM2OIlr3WRfH3wID1UcBw0Bll7NYell6Y1ViAO/2J07d740bNgQVjrqDsboFm8vT4waPBCP41B3kv7fucMHZPMMpdfQliSZsqD1jIWymgJVVVCSUl3je/oaGo6eBI9UaRS3UU1sEyZEAe9kmFiyIq626Mria4jIpiI/NBahxwy02Qi1vKZvD7bXboZmWXLqpPnEj1jZ2slc3oE7DsnZ1gXBbxTFVJeQ9E6+GoRiTVqKG1b1rk2uiV0wd+pkfNZwoW98wNKrOSy9LL2xCnHgW3758mX0iRMnvlasWJHF18hwc3VFpzatcePs6Th9VUeD7PUzp1ClQnnF19EWz9Rp0XT8DLkQJr6kl2oED9x5WFzExY2dHhZu0gxcxsRuGFaoFM406SA7t7H8GgidBiCk62CE9hyOsH6jED7QB2H9RyO01wiEdB8S3VBC6f/FE3Tc3G3TCysr10XFNOmRKKHux2fKEU6WORtaz1wkzp87mHbzUXTrYQUx1SXU+W3SZX/kr1lXbJN6HTqTJPHGsnmz8flFhOJYaAiw9GoOSy9Lb6xDHPwJ/vrrr9HigPynePHiqrYAZnSHi7MzWjdrigvHDmvUee1XfBL/N+DKJdSuXlXxtbQlcZJkqD9inJxt1Wut3u8Rr0szza1mLEDyrDmQQA/HN3XFSu7ghHY58mNPneZ4SCXNuIlF/EGy22MYIoZOwJvJ8xE5bwU+LlmHj8v+wMel6/DnwlV4N30RXo6ZKlsLG4T8duovvy2YVroKCidJIb9FUDrW1MbeJTHKd+iG4QfPyhvGqdcfYD6VK1MQU12y+OkHef7mKF9ZcTu1JV3q1LLlOksvS6/eYOk1vCDxffXq1YQ9e/agWLFiPONr4FBr4+aNGuLMof14HxaiOHDGhk/Pw2Vbzib16iq+nrZQ+1AqG0Y9++NNegX02iMOn0OVHv3g4pVEcVt1gbONLWqmy4wN1RvhHld2iB86D0D4QF+8FVL7efVmfN20G1Hb9wM7Dvw/vm7diy9/bMefC1bhxagpCOk+VPn5dAwdI4879MPZJh0wpGBJZEjsBksVZzp/haUY97OWKosea7b8e+5MuX5fVm9QElNdQukNPievIHPxUorbqi20/mHr2tUsvSy9+oOl1zBDnASpIyMjHx06dAhVqlSRJwg9zBgQCf6DpEm80bFNK5w9fCBW9Xh/BUlvWOA9tG3RDJYqlveydXREpW595cUrPqU3hv5b9qFArXqw0eOxnUiIRMkUqTG3XHVcb9VNUXQY3RDSZSCeD5+Ij4vX4uvmPcDOg4L/L7v/In93EFHb9uHvtVvxetI8hPYarvi8uoKElxqd7K/XEh1y5kcyFasW/A5Ka0iaOSuaTZgpv5mh1AY6Z6ZcDcLc+88UxVTXDN13CukLFFbcXm2hsoz7t24W0ss5veIxvQZLL0uvwYU4EXJ/+PBh8qlTp760adMGbm7q9Txn4gZ9ZZ4+bRoM6dcX18+ekikNSgOmNpD0PrsfgB6dOsLWVr0qBzRzVLp1R4w+cTn+pZfSHM7dRNvZS5Amd35V8wR/h5W4kcjl4YWxxcvhUrPOePxNcJTEh1EHSid5JoT30/L1wLb/ndn9Hf9s2I63k+bqbcY3RGwv1XneUK0R6mTIqrO2wj/D0d0Dlbr2lt+IfH+uTrkaGC/SS3nE/TbvRaqc6tYOL16kMI7v2cUL2Vh69QdLr2GHOBksaHFbQEDAP9S1LUuWLLIOLP2KiR+cnJxQqlgxzJs2BfevX1EcKOMCDbLPHwYJoe4DJ0cHxW3QlsL1mmD4obPxtpDte+hiPurYJdQePBoeqdPqJb83BgtBGmcX9MxbGEcatJEd3JTkh1GDfgjrNxp/LlothHefotRqwt/rtuGlz3Q86aL7HN+brXtgYYVaKJ0ijV4WrH2PTSJ7uWCs78bd/3NzSiXL5gTpWXpD3mHew5fovGQtvNNnVNxmbaDZ7AplSuPC0cPyRl9pLDQEWHo1h6WXpVeVECdEQsHgJ0+e3Fi/fj0aNGiApEmT8iI3PWNtbY1MGdKjW4f22L9tMyIeRPeLJ5QGS22h53v5+AEmjB4Bd1dXxW3RllwVq2LAtoP/70Iar1y8jSF7T6BCx+5w9vJW3GZd4iEEo0nmnNhWqykC2/VWFCAmDnToj5Bug/Fm8jx83bxbUWY1hXJ/PwrxCus/Rvm1VIBm/S827wyfYuWQ091bfiugdNzoioQ2tshcojQ6iRuEsQqlBSdfIemNUJZTXSGkd64Q7eYTZ8rFsErbrQ0JLBKgZtUquHnuLEsvS6/+YOk1nhAnRupXr171u3Pnztu5c+eiTJkyctaRWxfrloTiwpcsaRLUq1kDy+bORsCVy3Gu0PAr6HnfhDzGghnTkFy8rtI2aUumoiXRc83W/3chjX/uyK9Oi9RvAlsH9VqcaoqjjQ0qpUkvS1HdbdNTpjpwuoN6hA/wwV+rNimKbKzYeRBfNu3Cq3GzVK++8aQTCW8/nGzUHn3yFUUaJxeddlhTglJ8UubIjRZT5sL3DOXx/u+5MulKAOYE6ld6qeXx7IBw1B40EomcXRS3XRto0qZZowZ4dOs6Sy9Lr/5g6TW+ECdI3efPn28/ceJE5OTJk+VCt1SpUsmTiH7NxB0akCm1IGP6dGhQu5YsoH75xDG8Dn4oB0FdCS9Bz01SvWnVCmRIm1Zx+7QlZY5c6LBgleIFNT6h/N5uKzcgV6XqsLHXfcH/H7ERNzZUimpqqcq40qKrnPFTkiMmlgg5pZQEOctLi9OUZDY2bN+PD/NWqJ7bG9S+D3bUboqWWfPAy17dlCJNIOH1SpcBdYf5YNTxS5hw8a7ieTLpSiBmx4P0zrwbIr+NSWhlrbj92mBtZYVuHdrh2YNAll6WXv3B0mucIU4SZ0E1ccJsFvLrt2bNGvTo0UOWOGMB1g4LiwSy/Fi6NKlRqnhx9OzcCWuXLML1s6f1Irs/cmz3TuTIllVxW7WFOqG1nDI3XlsR/wzfM9dlm+TsZSvCRsVWp5piKW50MiV2x8CCJXCqcXtZqopnfOMA7b8ug2TNXarCoCixWkCL4cIpxUGFPGz6fO+06YUVVeqhUuoMcNRxe2wl6Js6z7TpZTnBYQdO/3KR6SS/e0J6wxXlVJfQArqiDZsqbr+2ODk4YPiAAXglxlaWXpZevcHSa/whTphU79696//kyRP/CxcuRK1YsQJ9+vRB7dq1UbJkSeTMmROpU6eGt7c3XF1dZUqEgxhwfoetra2qJbNioIV4NjbW8YSNHGxIbj3c3JAieTJky5IZRQoWRM0qldGrS2fMnzFVCOcuPLhxHW+/lSHTp+wSVLfyyqkTYrsKKO5DbaFavQ1HTxDSe9MgFrP9P8T2jD19He3mLEWm4qVgJY4/pfega5I4OKJjrgI4VL81HlAjix9EidEQIaWUz0vNJ5TkVVv+Wr0ZEUMmyHxhxdfVgJgUlustu2FGmaoo4J0c1nrO343BLWUqVO09UApvTGmynzExnqR3zAk/5K5cTXH7tcXb0xPTx4/D25DHeh9fYwNLr+aw9LL06i3ESWMpSP7PP/8Mff78+ajQ0NBT/v7+b48fP/5y/fr1L+fNm/dyypQpL318fF4OHz785dChQ3/JsGHDXg4YMOBLvnz5VF0wRxJduXx5DOrdCwN79YwHemFov74YPWQQJowehTlTJsnZ3H1bNuHisSPw97uIR7duIDzwHt6FBCsOgvqApJe2pXrliqreeFjb2aN670HwOXXF8KSXENvkc9IPbWYvRrbS5WGTSP9fNRNudolkqap11RrAv20vmfOpJE/ML5DSOwQfF65WJ7XhG3+t3SbLn2k700uyS+2oTzfugCGFSiKzmwcs42FdBI2r9M1LlZ79MXjPceXz4Qcm+gXI/FolMdUJIe9kubKB2w8hY6Giiu9DW9KkSomVC+frdH2EGrD0ag5LL0tvvAUJsCCvIHdkZGTuN2/e5H727FluIcOSR48e/ZLw8PDsDx48uNahQwdVS6TZWFtj0pjRCLl7C8G3b8YbT+7ckoTcvY2n9+4iLMAfEUJ0I4ICpPASr4MfIzJceSDUNfR138Ob19GmeTPY2dkp7kttoJy8ks3bYtjBX3+NGq9cjE516LBwFXKUqxQvOb4E5fkWT5YKC8rXwK3WPRQFivkFupzpHTpeq5leEl4qT3egXiu0zZ4X3vGQv0tQeT7v9JlkSsPQfSeVzwMFJpH06jGnl/J5ZbmyxVSuLJPie9GW7FkyY/fG9WKMDWXpZenVHyy9HD8LIcenu3Tporr0Thvni2f3A/+VS0OApPd76LH4lt7QgLtyRtzZWb2KBhZC5HJXro7+2w4YrvQKaNuoE1WnRWuQr3odOCRWt3SbpljR/vJIgjHFyuJ80054HIev1M0OIZdPuqqc07vzAD4tW4+w/qNjPdNLwnuvbW9sqtEY9TJkQ2Jb9W4mYwM1iUmeLQfqDvWJdc1sqt6gb+mde/85mo6fAQdXdZsjFcibV3ayNGThJVh6NYell6XXqCMkJOSMTqR3rK+cUf1RNA2J+JZeGmipVu+MCePh5emhuC+1JW2+grKfvyFLbwxjz1xHr3XbUaJ5G7h4J4mX8nwWCSyQyskFPfIUxrGGbeVMIQmUklgx/x8qLfbSZxq+blKxesNcqt4wJFbSG9JxgJytn1e+BkokTy3bUSt91rqGGk9kLFoCTSfOxMgj5xWP+V8h0xv0LL0zbj+RKVEJxdit9J60IaYxxZ1L5w26GxvB0qs5LL0svUYdLL3xJ70Efe23efVKpE6ZUnFfaotnmrRo/3/tnQd0VFXbhb8kBBISSCCB0HvviHQEkd6rSO+9F+nSe5ciHUQpghQBUZr03gIECAkECEmkKQgodrP/8x6IPx/fBS7JTGYms/daz8KMkLlz5pZnzpz7vvOWGV5U7Y0YMR/41U5U79FPd4Rys+D++CZII4vmeQtj47NGFhRfEygxlVnZ3z9dZyyxb4KS5r/XbcH98bN0KTTD5zNAys9Ju+lxZSujUKoAm6zfFZIm99HfsnSa/6muwzvp5Jt/6LSF9MrzlmvWRn9LZPS6YkNST0+0ad4MNy6ep/RSeuMXSi/zslB6bSu9f/x4Fwe2b0PRQpY9OH1SB6DJmCkYe0hdeF9zt7hd8Ex8h28/iMYjJiDrW8WRyAalpQQpaVUlSw4srVpfN7Iwkizy30R2H4yfJs/F3zLbaySzZvlqB35dvBLfDxhl+DwvEnPD2r4POqDPW6WR1SeFTYRXavDKtxRlm7VGz8/W628v3mRJw/NMtsHyho92HtZr6y35LUsqf3+MGjIIt6+G2HW5MoHSax5KL6XXoUPptbH0/nAHZ48cRM2qVSz6Hnj6+KJqtz4YsfuYQyxx+Be1rVK4v82MBbqyg2eyZIavz9okcUuE4mnSY/q7TxtZxAjW88JFnqPTh7jVfxSeLPgMiMPa3j9XbcQPY6Yjotsg4+d5Dnk/wjr2x9b6LdEyb2E9S2/0XlobmR0NyJYD1Xr0099WPK2PHftjbmqgtCG+ayio1kCkV7olZipQ2PD1xRb59mr5/Hn4KeKGlkqj85+9QOk1D6WX0uvQofTaVnrla79r5wPRsW0reFqwZm2iJElQrE4DDN76nWNJr2LSyWB9g1v35V+gZMOmSJ4qtU3W+bq5uCJXCj8MftbIQmYUjeSLPKPLQNwdNhG/L10Tq5va/lrzFR5MnqdLoBn+/heQWfhPqzdE9Sw54G3BLmJvghxnWQq/hUbDx/1/04k4Hm/SJGJePEmvCO/8G/fRcd5ypEiTzvA1xpaC+fLhu61fqfOcfQuvQOk1D6WX0uvQofTaVnrla7+7YaH6a8Bk3pYsreSilwj0XrnJ4aRXo7Z5/NEg9F37Nd5r3xX+mTLDxTX+GwuIbKfzTo6OBYvhm4atcK1jP9bzfQURXQfh3vBJeLLo8/+/se1lN7c9+38iyL9/vl4vj4jqPdzw98Ygs7sRnQfqhhMzK9bQbaVlVt7ovbM2Sby8ka9CJbSaPg+j955Q+61ljrNpgVcxLyz+pFduYqs/aCQ8k1uwgoyrK9595x2cO3JQf5tldO6zJyi95qH0UnodOpRe20qvnGylcPuCWTP0Gjij8Ywtuh2xuiDHZX2hTXm2zUO37UW9gR8hQ76CcEtkmzvyfZN4oH72PFhTqwlCO/ThUodX0WUgbn04Bo+mL8Afn32Jv7/ciuivtv+38H61A/9s2IY/V2/Cz5+swN0RUxDZc5jx73uGjLncsHakWWcMKVlez8InsmBTnTfB288fJeo3Rrela/S6+Ykngv93/40l086GYd61Hwwl1dIsinqs1/yXbtzcopUbpCtm8yaNcfXsGd2Ex+jcZ09Qes1D6aX0OnQovbaXXvlzw6rPkDtnTsPxjC1eKVKiVp+BGL3vlGPO9j5Dtn3E7qNoNnEGcpUuZ7NGFkmVcEsprLmVauuZxri0yHUGInsNw92hE/Bg8lz8PHc5nixaiV+XrNI3qv2iRPehkuIfRk3D9/1G4mbXV6/hFeG91rE/djZug06F3kZaL9us9XZ1c4V/xsyo2K4r+q3bhglHgyx+bE0/dx3zr/9oKKmWJuYmthzFLduJTb61GtSnF25duWz3N7EJlF7zUHopvQ4dSq9tpVeQE+6hHd+iQrmyhuMZW9zcEuk1scN3HNbrZI0usI7EmAOn0XnBpyhasy6S+vgavmZrIzOLBfxSY0yZSjjZsutTIXuD0lpOhxqbyG6DtQB/33ckbg0YrW94i+w9XHdyk+UQhv/uOSLV7wjr2A/r6nyAhjnzIUUSGzWccHND+rz5UefD4Rj89Z5n+6WlP0xewoyg61gQft9QUi3N/Bs/osen65A6a3bD1xxb/P38MGfqZDyKuvnvB3t7htJrHkovpdehQ+m1D+mVrwHl60BL37CVp2wF9F+31TGXN7yAzKhNOHoePT9fj3LNW8M3bTpdKsrodVsTF1kvnTyFbmSx+/22uN6xv6GskeeQmwCfnxl/g5sCL7btjYVV6qJCxqzwsOB56k1w9/BAjhKl0XT8dIyQhhPWOp7U750RdENJ7wNDSbUokY/wcXAUGn00Dsks3Iktd84c2Ljqc4eY5RUoveah9FJ6HTqUXvuQ3h/VCXdI/77wUidJozGNLely50X72YsxUZdRMrjIOhoivseCdGmomr0HIm2uPDZrZJHS0xMf5CmITfWa4WqHflzna0GejuVAHG/RFWPLVkIh/zRwt8GNjEJS35QoWr2OrnAg3zZMjEXDCbPIB7uZF8Ox8OZPxqJqQWRpw5RToSjbtLVum2z02mODfHCv9G55HN29k9JL6bUNlF7mZaH02of0ys1si+d8jCyZLduZTXrp1xs0wnFvZjPixFM5+GjnETQeOR5ZChfVpaOMXr+1kVJZ1bLkwIrqjXCpbW8udbAAMobhnQfgQNOO6FusDDIl84WLwdjHB8n9U6Nsk1bos3qzriZi7WPoqfRGxIv0LlDPIc1gZJ280WuPLbIMpG2L5gg7H0jppfTaBkov87JQem0vvYJsw95vtqJ0ieKGYxpbZAanbNOW+uKWYKT3Xy5h1J7jaD3jExR4r6pFSy69CUnURV4aWUwtXw1nWnUzFDliDpnhlVnzzfVb6IYTAUktWcbPPK7qfJgmey7d4GXAhm+fflMSD8ePrL3/+HKUkl5jUbUUMsv7ybUfdLvkVFmyGY5BbPH29sbIIYNwP/yalkmj8529Qek1D6WX0uvQofTah/TKjMj1oHN4v35dXePSaFxjg3zVmLNUGd0a1egi6/CcCMb4I+d0I4sSDZrA2y8V/mODRhau6jmlhNagZ40swjsN4HKHN0TG63L7PlhRo5FuA22zhhPq/JWlSDG8P2qSrmwg3yzE1wfGyadDMCf0e0NRtSQivR8HR6J2/6HwsGR9cHUcZMuaBZ/On6vOq1GUXkqvbaD0Mi8Lpdd+pFfW9Q7o1cPCTSr+A78MGdFyyux4+XrWFshXwvLa+q37Gu916Aa/TFngYoP6rS4u6qTonQwdChbD9katdYktI7kj/4ssaTjXuic+rlgTJdKk17PnRmNsbZKoYy9PuXefNpzYd1LvW0b7nLWYcjoUc6/cNhRVSyLSO/7QOZSo/75FjxX5kP1OmdLY981Ww/OcvULpNQ+ll9Lr0KH02of0ykn30fc3MX/mDGRIn95wXGOLzOTI17RS6za+L+LxyYRjFzDk672o+6yRhSWL7b8JKTw80SBnPqyp3QTB7dnI4lXosek0AEebd8KwUhWQN2UquP0n/mfqhWTScKJBE3RduhpjDwYa7mPWZsoZJb1X7xiKqqXpt/ZrZC5c1HAsYou7uzuavd8YYefOOMwsr0DpNQ+ll9Lr0KH02of0CnLi3bV5E4oUKmg4rrFFupjJmleZCU3I0iuz2PL6Rn53DM0nzULuMu8gibroGI2JtfFwS4Sy6TNj9nu1ENSmF1sXGyDCe10J745GbfTseFov26zJluVEfukz6XbX/dUxMvH4BZsdJ1MDr2DetXuGkmo5Huk2xy2mzIZ3Sst2gfRLmQIjBw/E/ZvX8Rull9JrKyi9zMtC6bUf6ZV2nRdPHEXDurUt+n4IUny+3ceLdAephLjE4XlEWMYcOIOOnyxH0Rp1kNTXF/9xMR4XayKNLAqlCtAlt0606Iobb1CbNqEjwnulQz+sr9NUN5zwSeJhOIbWRj4QZpCGEwOG6W8JbF3ab9rZq/jkhnW7scnSBjlGKrTuiEQWXjedJ1cufLF8GX6+FcmZXgWl10ZQepmXhdJrP9Ir63pvhQbjo0EfWnxdr2ey5Kjeoz9G7TmRsGd7/+USxh0+h96rNqF8y3ZIoU7UtrjBzU09Z+bkvuhRRBpZtNPi6+zLHaTD2oW2vfBJ5ToonzGLbu9sNHbWJrGHJ3KWLINmE2Zg5O6jBvtQ/DP9/HXMv2H9bmwfbtiOzIXfMhyX2KLr81Yoj9P79zpMqbIYKL3mofRSeh06lF77Wt4gMySrly5G5owZDcc2tri4uqFg5eoYuGlngmhJbIYYuR+0eReq9+yPNDlz2ayRhZ9nUjTLWwhf1W+OKx36GsqgMxDe6UOcadkN48tWQQH/1LrqhdF4WRtpY124Wm10/GQZxh0MtIsPgrIN0pjCqt3YIh/pG+WaK9H38rWc3AlJ1T7erUN73Lx0gdL7DEqvjaD0Mi8Lpdd+pFeQk+/hXTvwXvl34GbhCgTpcuVFuzlL9A1fRhfdhIzUKW48ciKyFituu0YW6riomiUHllZrgOB2vRFpIIUJFanOcKPzAOxt0h593iqNbD4pbCO8Lv+Bb0BalGvWGj0/34DxR85jksH+Ygt0jd7gSN00wlBYLYAsbZisnkdev6U/AAakSoU5U6eoc+oNfR4zOr/ZK5Re81B6Kb0OHUqv/Ulv+MXz6NW5Ezw9LLvO0cvHFzV6DsDYA2cS/Lre/0G93tH7TqHNrIXIV6ESknjZpulBYjc3FAtIhxnvVsfZ1t0NBTGhoW9Y69gf2xq0QrM8BZHSw9NwbKyNlOaSte3VevTHoM27n374s6PjQGR0TugtQ1m1FAsUg7fsRjb14c9ojOJCgXz5sH3jBoe6gS0GSq95KL2UXocOpde+pFd4/H0k5s+YjjQBqQ3HN7bIRb9w1Zr4cOMOm9+wYwvk6+OxhwLRbdkalGzYFD6p08DFJf7r+bqp55RGFoNLlMfBph0S/A1u0p5Z2jTXzJrLZg0n3NUHSGk40Wj4OAzfccguP/RNPR2KeWHWq9wgs7zzrt5F84kz9Wy30TjFFilV1qh+XQQdO+JwSxsESq95KL2UXocOpdf+pFcuGru3bEKpt4sZjm9cCMiWEy2nzsX4w+ecb7b3GTLDN2D9N6jUsRv8MmQyHKf4IK1XMrQr8Ba+bdhal+5KSMsdZHZXljTIDWvTKlTH22nS61luo3GwNok9PZHv3cpoO2shRu09Ybf7/bTAq5h3/QdDYbUEIr1TToegXPPWSKQk1WisYotP8uQYM2wo7l274nBLGwRKr3kovZRehw6l1z6lN+z8WbRp3gyJLXxxkjvW323TyW5nu+KFZ69bN7L4cDgy5i8INwuPs1l8EidBvRx58UXtJghJIDe4ifDK+t2jzTpjeKl3kSulv43W77rAO6Uf3q7TEF2XrNbVPOy1cols14wgqdxgpXJlSnjld/deuRGZCxYxHq9YIlUb8ufNg42rPndI4RUoveah9FJ6HTqUXvuTXjkB/xRxA9MnjENA6lSGYxwXsr1dEt2XrTW8+DoVSjSkkUUL3ciiHBKrC5TReFkbT3XsvZMhC+ZVqo3zrXsaiqSjoNfvdhqAbxu1RsdCbyOthUvvmUVEzD9TZt2Wuv+X2+y+BbdI76zgCKvdxCazvDODwlGzzyCLr2eXD+bvN6iHC8cdc2mDQOk1D6WX0uvQofTap/TKn7u+2ohiRQobjnFcSOafGg2HjcXYQ2ftduYrvpDXrxtZzF+OItXrIKmP5S54b4I0ssiv3pcxZd7DyZbdlDwO1AJpJJb2imzv1WcNJ+rnyAtfGzWccHVzQ7rceVC7/1AM3bZPy6697+eTT17G7BAr3sSmpHf4twf1TZxGYxYX/JQkytKGH8PDONP7ApReG0HpZV4WSq/9Sa8gMyahgafR4oMmSGLhEluJ1Pvzdt1GGLx1j5IB56jZ+2ou6dJV8tVvueZtkSJNOn3Tn9HYWROZncya3FeX9NrTpB2udexvKJf2iqzfXVC5HipkyGq7hhOeSZGzVFndcGLE7qOYpN5b4/fcvphyJhRzr95Rgvrof4U1rijh/eTaPbSZuQAp0qY3HLe4UCh/fmxavVKdR6MovS9A6bURlF7mZaH02qf0xpyEZ0+dhHRp0xiOc1xImzMPOsxdivFHzxtehJ0NPRN47IJu3lGj14dIkzM3XN0sd0y8Cf6eXng/V0FsrNtMz5za+4yvbJ/MTku75QJ+AXrW2uh1WZukPj4oXK0WOs7/FGMPnnGgbzEuYdq5a0pMrXMTm76B7VQI3mnZHm4Wrp7h5uaGhnXrIPjkcYcVXoHSax5KL6XXoUPptU/pjWH/t1+jRLFiehbQaKxji4d3MlRs1wUjdh52IDmwMs/G4SM1Jo1HTkCWosXgntg2jSy83N1RLUtOfFajoW5kYSSbtkZkN7zzABz4oAP6v10WmZL7wMXgtVgfF/gGpEHZpq3Qe9VGPWtvz+t3X0SOvxlBNzDfGp3YlPBKhzdZ15y5kGVvYBP8/VJi9LAhDlu1IQZKr3kovZRehw6l136lV5Y4XA86i85t26iTp+UL+mctUgxdl6zCBLnJx+Bi7LQoCRm99wTazPgEBd6rCk8lc0bjZ22SuCVC8TQZMLl8VZxq2U2Jpv2s89Xrdzv2w6Z6zdE8byEE2KjZh6zflTJ81Xr0w4ebpP60wftp54j0zgqONJbWOCKzvDKLXKvvIN162WgM40KhAvmxbf1a3T6d0vu/UHptBKWXeVkovfYrvXIifvx9BJbNm4PMGTMYjnVckItg9Z4DMHLPCc72voCMx7gj59D907Uo1bApkvn56xa2RuNoTWTmNLtvCgwq/g6ONu+MGy/Ipy0Q4Q1t3wcrajRCpUzZkNRGDSdkbbo0nHh/1CR8pEvwPVumYvB+2jOy9GBO6G1DaY0TSnhl9lg+DGQvXkqNmWW/LZKOka2afoArgacdtmpDDJRe81B6Kb0OHUqvfS9v+P2HOzi+dzeqvveexZc4uLi6IO87FdF71VeUXiPUmMgseL91X+O9jt3gnykLXF3jv8GCi5KVdN7J0KFgMd3IIqxjf5vM+MY8Z2Cr7pj1bk2UTJfRZg0npOyW7Lutp3+C0ftPOdRyhheZGngF865ZvhObzPLOuhSBBkNGw8s3peE4xoUM6dNjwawZuryiI8/yCpRe81B6Kb0OHUqvfUuv9LG/feUyhg3oj2RWqHnqE5AWjT4ah7EHAzHJ4IJMnnZwG7ptL+oNGvG0kYUFj5U3wSexB+pmz4M1tZrgSoe+8Sq+MSXUpOHEoOLlkSuFPxLZoIWzIA0nSjZogq5LV+u20o4svMK089estp5XZsALVqpqOI5xQW5gq1ShAo7s3qk/mBuduxwJSq95KL2UXocOpde+pVdOxlIKSEoCyfo56TJlNOaxRQSuSPXa6L/+G4eXB2sy6eQljNxzHM11I4vySOLlZTie1iaJer/Kpc+sG1kEtYm/RhYyu7yrcVt0KlRct0822jZrI2XkUqbLgIrtumLA+m+fvi8Ovs9OOhmMmZduWr4phRLeeVfvosXk2fBNk9ZwPONC8uTJMKRfH0SFXnL4pQ0Cpdc8lF5Kr0OH0mvf0ivICTn0zCm9fs7DwjV7hZTpM+CDMVMx7mCguhBTfF+KEiwphdV54WcoWrOuVW4MMoOUBCvoH6AbWZxo0RXhSkplJtZIVuNKZJeBumza2tpNbNpwQj6cZcibX7eNlvbRMe/H/7xHDsaU08/W81qhE9uYfafwdr1GcLXguT2G/Hny4MvPPsXPtxy3Nu/zUHrNQ+ml9Dp0KL2OIb0PIm7o9XNZMmU0HPO4IELxVs16+HDjdi5xeB1KtHQji1WbUK5ZG/hKIwsLz76bwVU9Z6ZkPuj1VmnsbdIe4Z0GWHy5g/y+S217Y0nV+iifIQs8rCBPZkikPujJjVgyyz5qzwnj98VBmabX81q4Pm/kIyXSt9B6+jz9gdZoTOOCu7s7mjZqiOBTjl2b93koveah9FJ67SLqgHJ9U+Tf3bp1yzrSO2Ec7oZd0WJpDziy9ApyUj51YC+qV66k19MZjXtc8MuYCU1GT3awov42Qo3PBPXnoC27dSOLtDlz22ydr59HUjTLUwgb6jbDFQs3sjjRsotuOFEoVRq42+AGPsHLN4VeftPxk2UYe0DtmycTTgdBOc5mXgjXdXQN5TUOjNh9BEVr1LVKg5WMGdJj9pRJ+CkynNL7Gii9NoLSm7CjDqbSf/7555pffvll9f3791ffu3dv9e3bt1/Ljz/+uDIkJORe69atLSq9iZX0jh/xkS5lE3LmlE24ogg7ewbXzgUi/GIQvg8J1hIuyAx0jAw7kvTeuXYFY4YNsehJOYZEiZPgrZp18eGG7ZRek8g4Dd9+CO+PnIisRd/WM5JGY2ttvN0T69Jhy6o1wOV2vfWSBCOJNUOE+rfhnT7EgaYddTvkLMl9dfUIo+e1NslTpUa55m30rLqjNZwww6RTlzE75JahtMYWqdgw58pttJg0EynSpjMc17ggH7irVaqEk/v34EkCEV6B0mseSi+lN96iDppkQnR0dOk7d+4MP3LkyJCVK1cO3LVr16WdO3dixYoVmDdvHqZNm4bx48djzJgxr2Ts2LHo168fChUqBFcLtg6VE+N7Fcqjd9cu6NWlc7zTu0sX9O/RHUP798OYoUMxa9JErFqyGNs3rMeRnTtw4dhR3FQiLPL7MPKmOuk5zsl711cbUaLYW4bjHldSZsikO5HpGTWKrznUOI3efxJtZy1E/opVdKc7o7G1NlI67O2A9Jj+bnWcbd1Dr/M1ktpXIbPEcsPalvot0SJvYfh7JjV8LmsjDSdSZ82Oat37YuBXu3T1jIQmvMLUM6GYFyalyh79j7zGlkWRD3VjlaezvJafnff398PY4cO0ICaEG9hioPSah9JL6bV61MFSSIlu3YcPH245c+ZM4IYNGyIWL16shbVu3bp4++23kSNHDqRPnx4BAQHw8/ODr68vfHx8Xkvy5Mn1zKw8jSWRG66SJUtmM3x8ksNPnbxS+/sjfbq0yJ4tGwoXLIgalSujR6eO+uT21ZpVCD51QteZjDnx/frCydCekIvMzYvn0a9HN3hZoXqA3PBSqEoN9F271fAiTV6CErJxh8+h27I1KNGgCXxSpbHJOl839Zw5U/hhUPFyujWwtAg2u9xB/p60O/60WkNUy5oT3lY4J5ghpuFEo+Hj8NFOaTihZDcBCq98qJx+/jo+uf6jobzGCiW8spa3+QSZ5U1vOL5xwdXVBaVLlMB3Wzfrc6XROcpRofSah9JL6bVa1EHi89tvv2W9devWutOnT+tZ3LZt26KgkrcU6sD08PCw6AytMyCz0Ek9PeGvPhi8XbQourRri8VzPsapA/vwozrpyQlQauO+eFK0B+TELOXLNqz8DAXz59M3Mxm9xrjgG5AGDYaOxpgDpxOkbFgTaWQhpbSqdO6pG1lYugOWWaQlcPsCb2Fn4za4YeIGN1nScL5NT8x4tzqKBaRDEivMEJohsWdS5Cv/HtrNWojR+04m6G8b5LVJ4whLrueVsmfDdxzWH1ylvJvRGMcFb29vDOjZAzcvBSWoWV6B0mseSi+l1+JRB4fHX3/9VfPGjRtrt2/ffn/w4MG/V6xYEalSpdJ3zspfIXFHZuPkg0OWTJlQp0YNTB4zCod2fou71678eyJ88eRoa2Sbws6dQdf2beGlTqhGrysuyIcoEY9en2/ARPla2eCCTV7FJQzdtg91Bw5HhnwFkMhGLXpTeHjqEmPSyOJyuz6G4iuPiRQfbtYJw0pWQJ6UqfRsntHvsyrqOJSGE2/XbYxuS9foWfOEvrxmyulQvfbWSF5jg6zlnRF0XX1gHQVvaZltNM5xQPaLooUKYvOaVXh8K8Iuz41xgdJrHkovpdeiUQdGhsePH285ceLEQ1lzW6pUKT2ra4uvS50JaS+bOlVqVKn4Lj6eNAlBRw/jUdRNuzu5y/b8fCsSq5ctQd5cuQxfS1xJ5ueHqt374qNdRzjbGxvUmI387hhaTp2NPGXL6xlMo3G2Nh5uiVA2XWbMrVQbF9r20jO6Lwrv9kat0bFgMaT18oaLwe+wOuq85p8xMyp16I7+67bp2fKEv578Eqafu4b5llraoIRXZoz7rf1al3YzHOc44u3thd5dOyP84vkEJ7wCpdc8lF5Kr0USHR2dRFHw2rVre7/88kvUrFlTr8tV/4vEI26ursiQLh1aN2uKLV+s0Te7yTpfezrRy7ZIjcxmjRtZZebfxdUFmQu/hY6fLE+Qd83HByJu4w6dRecFK1C4ei142qiRhZuLKwr4p8bYcpV0I4sY4ZU2xhvqfoAGOfPCx0YNJ+QreCn3Jg0nhm8/6DT72aQTwXppg6UaUsgsr9wUV6VLb6vdSJk/b158+dmKBCm8AqXXPJReSq9F8vDhw6HHjx//SR0g0Tlz5rRoCTHy5nh7JUXp4sXVSXCcFkxZS2svJ3zZDmlWsWTubL00w2j740qSpF4o+0ErDN66xwlm3qyDjNv4w+f0UpF3WrRFCnWxMBpra+P6H/UhJpkvehYthT1N2iGwdXd8Urm2bjjhZaPlFzL7natUOTSbMEN/o+BM+9gUJahzrt4xFNg3RgnvvGv30GXxSqTLk89wrOOKLAFr36qlLkGZ0NbyxkDpNQ+ll9Ibp6gDweWXX34ZsmPHjr8aNmyoqynIw8T2yJKSjOnTo3e3rjh9YB8e34o0PGHaAjlJXzx+VM/2enhYpz5s6izZ0FxJiayx5GxvLHk2boM3SyOLAWpMs1ullJQZ/JRoNsqZHz2KlER+vwDdztjo71kbD29vFK1eB12XrMLYQ2ed7kOVXtpww3JVG6TEYIn678MtkXXu98idMyfWLFuCx98nvLW8MVB6zUPppfTGOuogKPngwYMNmzdv/r1y5cqc3bVTUvn7o03zZtj/zdd4aCddiGQbpMbw54sWIleOHFZZ8+2WODGK1KiDfl9ue1or1eACTswzfMchNBoxXpfkcrfRkgJPdY7xTexhlcofr8cFPgFpUbpJCz37PeHoBacTXukoNys4UldaMBLYN0GWNXysfpfMlqdIZ/l2w4JUbOjQqhVCz5y026o2loDSax5KL6U31vnll1/2bdmyBSVKlLBKrVxiOaT2b2N18tjz9RZ9I5nRiTO+ka8aQ9TFqF3L5vD09DTc7riSPFUAavQe6HRfQVsDGT8pxdV21gIUqlxdz3gajXmCREl2QLYcqKn2pUGbd2rhlRu6jMYpISNLG+aG3TWU2DdFxHngpp3IU6a8vhHXcNzjgHyQLlywADat+hyPohLuLK9A6TUPpZfSG6vIGt4NGzb8Vbx4ccPBJfaH3MHc7P1GOLxru11UdpDnl+1YtXgR8uTMYbjNcUZd+DLkL4g2MxdwmYMFEPGVmwN7frYeJRs2QTJdXiphV2aRFteZChRBoxETMGL3UT3baTQ2CR1572dcuIEF4fcNJfZNmaR+Z6UO3eDhZZ0PT8nUh7KenTvpig0JdS1vDJRe81B6Kb1vFLXju/z6669Ddu3a9Y/U3uWSBsciha8P2rVsgVMH9hqePOMbOVmHnD6O1s2b6S54RtscVxKp31u8bmN8uHEHpdcCiKxIDeT+677W0iKNLBJqkxm5ITLfu5XRZsZ8PcvtjLO7MUw+dRmzQ2/FvWpD5CPMCb2NNtM/edYExXjs40qRAgWwafXKpzfxGpx7EhKUXvNQeim9bxS145e6cOHCn/Xr19fdweQh4lj4pUyJQX174/qFc3Yz27t2+TIUym+du7eFlOpEV3/IKIzef4riawlOXNTrpId9s1+N60hkyF9At4E2GntHxcs3JYrXa4zuy9fyWwLFtHNh+OTaD8Yi+wbIsoah2/ajYMWqVqvfnszLC726dMINdY5L6LO8AqXXPJReSq/pqJ0+XXh4+L6BAwfCS51U5CHimOTMkQ3zZ83AvWtXbD4LIifsiEtB6NejO3x9fAy3N65ITdXsxUui0/xPKTAWRL7qH7XnOJpNmolcpcvpmVGj8XckZNbaL0MmVGzXBf2//EbLvbOvB///2rxxbTv8CFNOXUb1HgP0hwqj8Y8ridzcUKZUSXy78Uu7KtVoTSi95qH0UnpNRe3wSZ48ebJ75cqVyJDBOnfakvhDZunffacsdn610W5K+ci2lCtVympflUtt1RINmmDA+m8ML+wkdogQjjlwGp0XfoZiteohqY0aWVgCKceWPnc+1B04AkO+3vv0NfIDkkVq80q1htkht9B6xnykyZ7Lah300qYJwLiPhuH2lctOIbwCpdc8lF5Kr6lER0c3OHPmzD/lypUzHEzieHh7eaF7xw64cva0zS8O8hXk96GXMXb4MKT2t3zv/Rik5FStvoMx8rvjlBmLckm34O2z5iuUbdYaPqnT6Nl1o/fAXnFPkkR/GyAltEbtPcH94zlmnL+O+TfidgOb/PsBG75FnnLvWu2Drbt7ItSuXh0n9n6X4NfxPg+l1zyUXkrvayOzvHfu3NkzcuRIq5WWIrZBauSuWDgfP0XcsLn4yleRx77bhbo1qyOJlUrgyRrCTAUKofX0eRh7KNDwAk9ih14CcOwCBn61U5eJS58nP9wcZJ2vl08KFK1RV7eulmYJ8nW+0Wt0RiafCsGckO/jfAObVP2o0KojklipWoOQNXNmLJg5HffDrznNLK9A6TUPpZfS+9qonb3W/v37kT9/fsOBJI6L1Fdu/n5jXDp5zPYXCfX80p548exZyJbVend1J3J3R8FK1dBr5UY2rbAGSn5H7D6GD8ZORebCb9n9DW7J/FKhXPO26PvFVi1mnOF9DjUWcgPb/DjcwCbLGmQ9cFO1P/ilt07bcSFJkiRo1fQDXDphB+eyeIbSax5KL6X3tfnxxx/3DRs2TJ9U1I8kgZEtSxY92yvCaeuLhSxzCD51HG1bNENSK36r4OWbAhXbd9XrNp39JiWrcCIYo/aeRJuZ85G/YmUkTW6dGxTjgqtbIt1womrXPrpJwtPt5r7wPFKm7OOQqFjP8orwzrt6F92XfYGsRd+22pIXWS4hjSjWrlieoNsNvwxKr3kovZTeV0bt6PUOHTr0T8GCBQ0HkTg+MbO9IptGJ9T4RE7ej29FYsPKz/BW4cJWrf+aKnNWNBw6BqP2nKD4WgM1puMPn0OPT9ehdONmSOafyvB9sAUy+ywS1mTMZHy087Dx9hNMOxuGT67HoUyZkuVh2/ajaI06ui240XthCfz9/DB0QD9EBF9wihJlL0LpNQ+ll9L70qidPPGTJ0/2fPzxx3B3dzccREsi6y2l2YXMKMvaYemb/jrk71mjXrC72g5plmArZAxkzK0pfc+TJ3cubF6zyi5mSeSiJRevEYMHIiCV9URJZp3k6/e2sxZi3KGzhhd9EkeefZgYsGE73uvQTZcCs/UNbknUhTx32fK6S98YWb/rpB3WXoeMy8fBkXEqUzbx2EVU7tQDnlac6ZdrRrXKlXBo53bD84kzQOk1D6WX0vvSqJ083bVr136uWbOm4QBaCpHWVEpuypQpg06dOkFumJswYcIfY8aM+Wns2LEvZdy4cT8NHz5ct0K2pBzK9tSuVg0jBn6Ijz6Mf4YN6I8BPXugQ+tWqFG5MnJlz64rLVirkLsg9XFHDPoQd66G2sVMidzUdnL/HjSuVxceHh6G22wJpMWsrO/tvvwLjD96Xl3sOeNrcZ6J75Bt+1Bv0AhkzF8IbvHwIdoImW2W9sndlq3B2IOBXM7wCqYGXsG8sLuGMvtaIh9h2tmraDR8rFXX8Qo5s2fDwtmz8KOSPlt/YLcVlF7zUHopvS9NdHT0yN27dyN9+vSGA2gJpMmFtDOeP38+9uzZczMoKGjLvXv3djx69GjMgwcPCv/www/FXsYvv/xSODw8/Fznzp0t2g5ZKgdMGzsG34cEIzL4YrwTcekCrp8LxMVjR3Box7dYtXgRurRtq07u2a024y4fGurWrIGgY4ftQnrlJC6d2r5YvhQFrdipTfBIlgylm7R42qbY4OJPLIQSTGlk0WraXOQqVRaJPa33YeZF5ANjirTpUbF9F3y4YbvangsU3lcQ04xiQfibr+WVdbxzrtxG+7lLkT6PdY9dX5/k6NWlM8LOnXFa4RUoveah9FJ6X5onT54smz17tt7x1Y8WJ126dOjbty+OHz/++8OHDy+qg6qSevyNEhUVdahbt24Wl94ZE8bhbtgV3L4SYjNk1vWu4lboZQQeOoBFH89ClYrvwstKXa8K5c+PLWtXPzuJGp9c4xOR7/CL5zGgV0+ksFKnthh8A9Kies/+GL7joKEEEAtxMlgvJek4fzmK1KiDpL6Wu0C/DLlhLX3e/Kjz4fD/v3GRwvtKZJZ3bixneedf/xED1n+LfBUqwTWR9VrVS+e1d8uVw3dbvzI8fzgTlF7zUHopvS/N7du3V7Rr184qX6sHBARg4sSJCAkJOfPnn3/2VgeUv3r8jRMZGXnYKtI7fpyWThFOe+C24saF8/hq9UrUqV5Nr/s12va4IDeDzJo8EY+i7Ofu519uReHAt9tQvXIlfcOd0XZbAtnHA3LkRKMR43XVAUqRFVFjKze49Vn9Fcq36gDfNOnwHxfj9yWuuCfxQI4SZdBi0scYsfuo8faQ/0LW8s68FIkFb7qWN/IRFty4j+HfHkTJBk2s3pI6c8aMmDVpwtNW6k48yytQes1D6aX0Gkbt4HmCg4MflCpVynDw4oIcSP3798e1a9fUXoec6rFYx1mkV5DtkeUP6z9fgfJlSlt8qYP8vj7du+L70GBdM9fo5BrfyMn8wc3rWPbJPOTLnduq65rld2cp/BZaTZun2+pSfK2Inm29iMFb96BGrwEIyJ7D4vV8k/r4oHC1Wug0fwXX774BshZ3Xtg9Y7F9DWP2n0aFNp2seuOakDxZMnRs01pXnHF24RUoveah9FJ6DaN28BIHDhxAjhw5DAcvtsja0SpVqiAwMBDR0dFN1WNxijNJryDLHq6dP4uPJ01E1iyZDbc/tsh7836D+gg6fsSuLiTSTvTGhXMY1LePno022nZLITe2yZ39HeYtw7jDZylK1kaN7/Adh/D+qInI9lZx3QrY6H15U3wCAlCueRvdgGT8kSDj5yb/g8zyPl3L++YVG6Smb60+g+AbkMbwPbEUcq6v9O672L3lK/x8K5LSq6D0mofSS+k1jNrBi3/++ed6GYL8aCmkSsO8efPw22+/HVLPkUQ9Fqc4m/QKIr6n9u3B++pkYMnZXpnprFC2rF5OYI8XEmlRXL92LavdzBeDfCVeQFd0WMuObfHBiYt6Zr3d7EXIX7EKknjG/h4CKYeWOmt2PXs8aPOup+8fP7iYZmpsZnkjH2L6uWvqg8sk+GeyXifFGHLlyI7Fc2bpb4AovE+h9JqH0kvpNYxI7+TJk/VOLz9aisqVK2P37t1b1e/Pqn6Oc5xVesMvBmHq2DFIbeE6tnnz5MbmL57ezGZPyEn9YWQ41n66DMWKFtU3sRhtv6Xw8PJGyYZN0W/d15hwlDOF1kaqBYw/cg491AeNkg0/gE/qgDdeyuLu4YEsRYqh8YjxuuGE/E4Kr3l097XLUVjwJt3XIh9h5qUItJ4+D+ly5TV8XyyJX8qUGNCrO8LOBzplE4qXQek1D6WX0msYkd7BgwdbvDlC165dER4ePkH9t0XijNIriPhuXrMaeXPlMnwNsSVThvS6TJjRidXWyIn9+yuXMXnMaLWdGQy335Ik8/PHO83boP/6bc/EgAJlXS7pDxjSyKJq1966RbDZxjPSVrpw1ZpoP2cxRsuNiIa/n7wMqWghs7WfXP/RWG4NkNJks0O+12umsxaxXovhGDzVh5pG9erqb3ykjrfROcJZofSah9JL6TWMSG+vXr0MBy62SJOBDz/88OHt27ezqJ8tEmeVXtm2wzu2453SpS16c1dqf398tnC+4YnVHpCT+8XjR9G+ZUuLfwthhIhvhTYd9VflRrJArMPw7YfQbPwMFKpUTXdxS+zp+T/7uZs65r1T+iFzoaKo3KUXeq/+CuOPnOfsbiyQWV4R2IURJmd5Ix9iTugtdFm8EtmKldRl4Z5/byyNvPdvv1UU0p5cukYanRucGUqveSi9lF7DiPRK0wf5T0vh4+ODcePG3X/48GFK9bNF4qzSK/V7T+zdg1pVq1n0tUtntiVz5zw7kRqfYG2JnNwffx+JHZs24L3y5ZHYyut7Bd80aVGpYw8M+urZGlEDaSCWRWYexx4KRP/136Dp+On6g0eRarWQ9513kadseRSoWEUvg6jTfyi6Lln9/+XIKLxvjIz1jPPXzc/yPms+IV0Mc5cpb33hVWRMnx6TxozC7auXuazBAEqveSi9lF7DiPR26dLFcOBii0jvmDFj7t+8eTOF+tkicW7p/Q41q1Yx/RWwGaTD0dJ5z6T3jn3eJCIn+Pvh1/DZogUoXCC/xZfgGCHiW6VzTwz+es8zsaJcWZ1nAis1fUftPYEhauz7rf0afdZsxsBNO/DRziMYe/CM/iCiG068+O+JKaacuYI5V+8YC+6LKOGVG916r9qoPoBU1NVOjI4XS5LC1xfdO3XApZMsT/YyKL3mofRSeg0j0tunTx/DgYstSZIkweDBg/98/PhxQ/WzReLM0ntw+zcoU7Ik/mPJ5Q2pU2uZ1CfSF06s9oTM9kSFXMKEkR/Fy/peIWWGjLoqwNBt+wzlgVgJJbQitS/D8N8QUzxtRBFhrhHFM+Hts3ozCrxXFe7xILyenp5oWK8OjuzegZ9vcR3vy6D0mofSS+k1jEjv0KFDLTqLKMjs8a1btxar/7ZInFV6hQ2ff4ZcFq6jLF2OpEKC0YnVHgk+eVz33rfkif5lyLpC/0yZUa17HwzeshsTjhmLBCEOwYk3aEShlzTc0XWPC1aqpitlGB0jlkS+wSldsgQ2rV6FR1E3Ocv7Cii95qH0UnoNI9I7bdo0eHlZtpVk+fLlsX79+g3q9weon+McZ5ReqdwgLYnHfzQc/ilTGr6G2FIwX15sXfeF4YnVHpG7uI/v2YWGdevou7uNXpOlSZE2nV7qMGjz7mfywNlG4ng8vXktCgtfU6JMqjSI8Pb8fD3yla9osQYir0I+YGbPlhVzp03FvetXuY73NVB6zUPppfQaRqR39erVSJPGst11/Pz8MHny5H8ePXr0nXqOROqxOMUZpVe268iuHahbszrcLfi65UJTsfw7OLTzW7te2vA8crKXWaBNq1fqShaWHI+X4iLimx4V23fFgI3bMZE3txEHQ5aFzLgQjvk3XnPzWuRDzA69hW5L1yBPuXeRKB6EV0ivLs7DBw7AtaCznOE1AaXXPJReSq9h1A5e4vDhw8hl4TqwIlallZyo3/1PdHR0nNf2Opv0yizv1bNnMGHkCKRPl9Zw+2OLq4srmjZqiEsnjznUhUa29d61K1j48Uzky51b72NGr8/SJPdPjfKtOmDA+m/Y+Ys4FFMDr2Ju2F1j0f2XR7olceeFK5CjRGm4xUOlFME3uQ86tW2DoGP21Q7dnqH0mofSS+k1jNrB84eFhf1ctmxZw8GLC4mVVEqTinPnzu1T4ltQPZe7ejxWcSbple2RZQ2fLpyvu5JZer213Gj4Ya+eSqwvO9zFRsqr3bx0ARNGjUDWzJl1mSOj12hpkqdKrRtY9FnzrEasgWAQYk9Mks5rwZGv7rwW+Qgzg26g7awFyFq0GFzj4xsURVJPT9SvU0vfpCtLlyi95qD0mofSS+l9ae7du7dSbjyzRkkoWebQt2/f6LNnzz76/fffh6kDylU9/sZxBumV2V3h2vmzWLloId595x39wcFo2+NCmtSpMW/GVF383SEvNmqbQwNPY3C/vvq1GL1GSyOzyl4pUqJY7frosmQVxh0K5IwvsVtkWcN0XZP3h5fK7sKbDzHldKiuj5wxfyG4Wrnldwxy3q1csQK2rV+nW45TeM1D6TUPpZfS+9L8+uuvSxcuXAhvb2/DAYwrvr6+aNWqFXbt2vVncHDwqIcPH1ZXB5ZuXKH+dHkd8veioqKsI70TxuFu2JV/hdOWhF84j6O7d2LK2LEoVfxtqwiv8Fbhwvh245cOs57XCDn5nz18UH89mjKFr+HrtAaJPTyR/91KaD97CcbsP2UoHITYGr2s4WU1ebXw/qTrItcd+BFSZclquK9bA/nWquTbb+vKMT9F3KDwviGUXvNQeim9L43aySfKut6sWa138pPWxCVKlMCwYcPw9ddfY+/evdvPnDmzIjQ09PMbN268koiIiBVBQUH3WrZsadGv+kUqxwwbgkvHj+LCsSM2IfDgARzZtRPbvlyHjydNQGN14GfMkMHiSxpikN8rzyElwH5z4AuOnPylY5vc6Nfs/UZIbqUPbEa4J/FAjuKl0XTcNIzYdYQ1ZIldIdUaPg6OMl7WoIR3wY37GLn7GCp36okU6eKn9rUg35YUyJdHr8m/czWEwhsLKL3mofRSel8atZNnDA8P/7lRo0aGA2gp5KSXPHly5MyZE7Vr10b37t0xZMgQjBo16pWMHj0avXv3RsGCBS1685IIoCwhkC5A3Tq2j3e6tm+Hti2ao17NmihWpAjSBgTo9bZG22op/FKmwPgRw3H3mpQHcvyLjojv7i2bUKNKZSROYp2ZcSNk7WP6PPlQb/BIDN9xSNdCZfc2Ymt0tYagG4athhdFPsa8sLsYuHEHSjVqBi8LStPrkPN29qxZMH38WERdvujQ3zLZEkqveSi9lN6XRu3kHr///vvRBQsW6M448pC1kZOgu7u7ljyZBTaDNWY/ZRs8ZBuUMMU3SRQy2yyvy5Iy/yoKFyyAbzeux+NbkQlipkVew0+R4Vj/+QqUL1NGjWv81PAVXFxckSpLdl3Lt+/arRh35Nwz+SUk/hHhnXpWljUYV2uYeeEmuixeiYKVqiKxZ1LDfdoqqHNbpgzpMWLQh7h2PpC1eOMApdc8lF5K7yujdvTGZ86c0UsQ5EeS8JAPDp3atsbVc2cShPDG8OsddSG4flWvE3xHia98kDF6/dZAPqx4p/RD8bqNlFB8jrEHA7ncgdiEyadDMDvk1n83oZD1u+rPySeD8cHYqchSqCjcrHSvwMuQWryD+vRC8MljhscvMQ+l1zyUXkrvK6N2dLfHjx8fnTBhQrzN9pL4JVfOHFi34lPd5EEqIBidVB0VuRj8GH4Nq5YsQvG3pMyb5SuRvIrE6qKRq/Q7aDF5FkbsPqYrO1B+SXwxSUntzEsRmB/+4F/hlQ5rn9z4EaP2nED1Hv11a+34+kYphlT+/ujTrSsunz5heNySN4PSax5KL6X3tVE7e8Pjx4+jePHihgNJHBf5INOxTWtcCTzt0DewvYpf793G7bBQLJ03B28XLRqvM76CWyJ3ZMhbALX7DcHATTsx4ajU86X4Euui1/FKebJr/72OV2r09lq5ESUaNIF3Cj/DfdZaiFynTp1K37sQePiAPuckpG+XbAWl1zyUXkrva6N2du8HDx4cnjx5Mry8vAwHkzgmBfPnw/rPP3Xc2rxmUa/tjhLfZUp8ixSy7I2PZnBxdUWKNOlQqnEzdFu2mssdiJW59Kw82dN1vDK7K3/KUoeWkz/WHdak2ojRvmpNRMi6tG+Hs0p42XzCclB6zUPppfSaitrhW1y6dAnVqlWzSrMKEv/4+PhgQO+euHHhnFNcfOQ1fh8ajLnTpqBA3rxWuQHydXioD4153qmoC/8P+/bA0/bFnPUlFmbKmVDMCX22jleWM4Tdw5Cv96Jy555IlTkrXGyw76fw9dVVaU7t35PgllHZGkqveSi9lF5TiY6O9vzjjz+ObNq0CTly5DAcUOI4uCd2R81qVXFwx7f4OYFUbDCDvM6oy5d0TdC3ixaBezy1V30eWe4QkC0HKnboht6rv8K4w+c460ssxuST/12Pd9rZMHSavwKFq9RE0uQ+hvuktZE1vB1atcSx73ZxhtcKUHrNQ+ml9JqO2umz3Lt379SYMWN0XV15iDgmsqxh1dJFeCDdjwxOogkZuUDcvhqCJXNno1iRwkhkg1kvIalvShSpXhutZ36CEbuOavGl/JK4oG9cuxCub1ybf+M+xuw7hXqDPkK63HnVh634/4AnpErlj64d2iPw0H78IscghdfiUHrNQ+ml9L5R1I7/Tmho6D8tWrSwesMEYh3SqR1/3EfDECHF4J30AiSi//2Vy/h0wTyUKVnCaq2dX4e7hwfS582Pql17o8+qTRh78Iyu8GAkNIS8ErXfTJcb18LuYeqZq7r2bol6jZE8VYCuiWu0/1kTWTefNk0AenXtrIRX1vCKnBkfjyRuUHrNQ+ml9L5R1I6f6I8//ph04sQJ1K1bF4lsNHtAYod8zdi3WzdcOsHamDEXijXLluCdMqV1UxCjMbM6Lv/RNX3zV6yCZs/W+k6Utb6UX/IGyDIGmeWV/adGrw/17G6ieK5U8jyZMmTAwD69cOH40X+PtxePQWIZKL3mofRSet84aud3+euvvybt2bMnumLFiryxzUGQG0m6tGuLs4cP4udbUYYnT2dDukA9bWCxFO+WLwdPj/i/oz0G10RuSJ01Oyq274qen32JMftPK5lR4kv5Ja9AlsRMPnVZ7y9tP16IgpWqwdPH13Afiw9cFFkyZcTwD/sj5PQJLWQUXutC6TUPpZfSG6uoA8D1/v37k9ROGV21alUudbBzUqbwRcfWrXB8725945rRidOZEfHd8sVq1KtV07br1V1c4OWbAnnKVkDdgR+h/5fbMJ43uhEDYvaJkXuOo8viVajQqgMCsuXUN0oa7lvxgFREyZs7NyaMHIHQM6cMjzVieSi95qH0UnpjHXUQJPr5558nHTx4EA0aNIC0s5WHiX0h7T6l+9GZg/spvC9BZnylVvG+b75G62ZN4ZcypeFYxhcuri7wSZUaRarVRsspszH0m32YcCyIs75E7QPCJYw5cAa9Vm7Q68EzFSqKxDY+/yZK5IZiRYpg/swZiAh+er+As90kaysoveah9FJ64xR1ILjIGt9Tp07906VLFz2o8jCxPbLeOl/u3BgzbAgunTyuSwUZnTDJU+TCIeJ7ct936N21CzKkS2c4rvFJosSJkSZ7TpRr1gad5n+KkbuPYcLxC5z5dUqeVvcYd+gs+q//BvWHjELusuXhlcK2H9CEpJ6eqFCuLD5fvBC3rlzWx5LRMUasA6XXPJReSm+cow4G999//7335cuXz8yePRuFChXiOl8bk8zbG1Xfq4jl8+ch/GIQhfcNkLG6eOIYRgwaiCyZMsV797b/xQVJvLyRpfBbqNKlN7otXYPR+09pAaL8OgHP3mdpZDL46z1oMmYKCletBd80aeFqo3J7z+Pt5YV6tWrgmy/X4X74Nc7u2gBKr3kovZRei0UdFDnv379/cuvWrWjVqhXSp09vk65Xzoysrc6VM6cuE7Rv21Zdh/e3e7yR5E2QsRKuBZ3FtHFjUaRgQSS24V3wz+OZLDmyv10KNXoPRM8VX2LUnuO60gPlN2GiZ3YPn8OgzbvQfOJMlKj/Pvwyqg9idjKpkCpVKrRq+oE612zR35LIMiGjY4pYF0qveSi9lF6LJjo6Ouuvv/46/OLFizfmz58fXaNGDQQEBFB+rYy7krJsmTOj+fuNsXLJIoSdD3SqTmvW4Wnb4s8XLUClChX0V7hGYx/fuLi46hJnOUuWRfWe/dBjxTqM3ndSNyag/CYA9MxuMMYfOY/BW79Di8mzUbxeY6TKkhWJEtvHDcPyTV72LFkwuG8fXYNXhJfnGttB6TUPpZfSa/Gog8NNkfGHH34YHRgYeGPhwoWoWbMmMmXKZLMmAAkVLy8vPbP7foP6WDZvDoJPHcfDyHB9EuRFKO7IGN6/eR3bN21A00YN4e9n+/WTMYj8evn4Kvktg9r9hqD7p+sw4rtjSpyezfxSgB0Kec8EqdYxaMtutJyqZLd+Yz2zm8iOquPIt0nSyfDjSRNxTX24loYTbDphWyi95qH0UnqtGnWgVHrw4MHeoKCgPz/77DP06dMHlSpVQrZs2ZAsWTItwZwFfj2yrlTa5coFx9fHBzmzZ0M1NY6D+vbB+s8+RfDJ4/hJljJQdi2OjKm+wW3/Hl1sP4fad23VutgIWdcpZc6yFCmG99p3Q/u5SzH0m/0Yd+RZqTPKr12j36NjF/Q67X5rt6DxyAl4q3Z9+GfOYleyKyT39kbt6tXwpTrn3AkL5bnGTqD0mofSS+m1etTBkjg6OrrRr7/+OvTWrVthBw4cuLJ8+fLISZMmoU2bNnjvvfeQN29epEmTBv7+/kiZMiV8fX3ho+TudUhNVWvMHkuTguRKym2Fj3pd0kwiZcoUSBMQgPx58qBi+XfQpllTjB0+DJ8tWoAD336DyOCL/361yAuQ9ZCxlRvcZNnInClT8PZbRfWSEqN9x1bIByMPJSXp8+RH6febo+W0uRiyba9eE6qXPigowPaBntWV9+PYRYzacwK9Vm5Erb6Dka/8e0iRNh3c7LDTZUDqVGjfsqW+V0C+TeL6XfuB0mseSi+lN96iDppEcuAoUioJzic3vV29evXXkydPPt61a9fPW7dujf7iiy+ghBjz58/HnDlzXsm8efMwduxYFC9e3KLVImQWr071ahg5eJC+gz++kecd99EwTBs3BvOmTcGKBfOxec0q7Pl6i661eyPoHG5fCcGdq6Hq4nPT8CRIrINc6G9fDcEXy5eiVrWqetbdaB+yNe7qQ1tA9px4u3ZDNB4xAb1WbcKIXUcx4WjQv1+jG8kYsR7/jrti7MFADN7yHdrNXoz32nVFzhKl4K0+8EtzEqP305ZI6cP8efNg1JDBCDp2BI95r4DdQek1D6WX0muzqIMos6KEopjinX/++WfD77//vuPx48fbf/rpp+0PHjx4JQ8fPvxWSfMDmS2WE7P8SkuQJHFiTBj5EcLOncHVwNPxz9kz6rkDcePCeT2Teyv0shZcQWRXkMfkzwc3w/HLbeMTIbEOcoF5EH4dh3dtR/+ePZArR3a7Wu7wPO5qX/ZJnQbZi5dCxbZd0GraXHy4aYeWLimBFSNhRpJGLECM6Kr/Hq8+cIz87hi6r1ina+wWq9MAabLn0rPzti+LZ4x8qKteuZL64P0JIi5d0Ps+hdf+oPSah9JL6XXoREZGHu7WrZvFpXfGhHG4G3blX8m0JSK4Rsj/o/TaBn3hv/u9Lmv2yYxpKFuqJDw97bcjoUhVYk9PpMqcDUVr1kXdQSN0vd+Pdh7WN07pxgdc/mAZnomujOeEoxcwZv8p3Uyi+aSZqNiuM3KoDyDeKVPa5RKGGFwUmTJkQI/OnXBwxze69CFl136h9JrHmaU3Xbp0lF5Hj9Wkd/w4PbNqJJv2AqXXPpAber5Zvw5tmzdHOvVJ2l5n7WIQ2Urun0rf+FaiYRPUHzxSCfBqDN22T88ATzrx7OYqLcCUYDNoydWiewkTjpzHiN1H0f/LbWg9bR4qd+qBvOXf0yXHEnt42v3+4aU+HJV6+23MmDgeIWdO6rXsFF77htJrHs70UnodOpReSq+tkQuOiEHQ0cMYN2I4ihYuBA87u+v+Zbi5uysBTo2M+QvpxgcNh49Fl8UrdTOEMftP/7fQaQk2lj6n47kxEUR0h20/iN4rN6LllDl4r0M35CpTDv6ZssDDO7ldrtV9EZHxtGnSoHWzptj25VrcfVadgcJr/1B6zUPppfQ6dCi9lF57IEYMbl25jPWfr9B1k1P7+ztUO+5Ear/3TpES6fLkQ7Ha9VGr7yC0mj4PfVZ/hZG7j+plEDHrgHU1CPWnoRAmRJ4TXPlZGkeMOXAag7fuQdclq/D+yIl4p0U75ChRGj5p0iKxkgV7n9F9Hk9PT7xdtCgmjPgIF44dYWMbB4PSax5KL6XXoUPppfTaE3Lx+SkyHKcP7sPEkSNQukRxeHklNdzP7BWRNRFgD+9kulZs7rLlUbZZa9QbOEJXG+i/bhuG7ziE0ftOafnTQqgl+JkIPxNDR+Wp3D4t8Tb51GX9esYdOqtbPkvFhW7L1uCDsVNQuVNPvT46c6Eierbc3cNT10w2GlN7RT6UZcqYAe1btcSWtWt0B8KY/fjFfZvYL5Re81B6Kb0OHUovpdfekAuQcPfaFWzfuB7tW7ZA+nTpHLoJi1sid936OE32nPpGrLfrNED1nv3Revo89P1ii14PLOtYxx44oxstxMyK/ivBMRhIps14tk3Pb6sgM9qj95zA8O0H9TKP7svXosmYKXi3TWfkf7cyMuYvgBTqwulos7kvIt0cy5UuhTnTpiD0zEnO7jowlF7zUHopvQ4dSi+l116Rmr4iEpdOHsOsyRNR4Z2ySJ48mdrHHFeUYpC1wF7q4uqfKbO+Ia5I9Tp4t20n1Bv0EVpOnaPXBfddsxlDvt6DkXuO/7s0QpoxxEjni7L5PP8lyjH81011L/y/Z7zsd+k/n//3alukZrGsWxa5/XDDt+jx6Tq0n7MY74+ahKpde6Nkow+Qu0x5pMudFynSptcz3y6ujv/eybkyV44c6N6pI3Zt3oh76sOZ7KsUXseF0mseSi+l16FD6aX0OgJS4WHP1s0Y0KsnCuTNa5UugjZDlkO4J0YSLy8k9U0B3zRpkT5PPuQpWwHF6zVChdYdUaPnADQaPg4tpsxGp/kr0HvVJj2LKiXTZG2sdI0TZLmEyKjmmKDk9DlRNuKpTD+VWI36HSLZ8vvGHgpU0n1Cz0RLNQUp09Zm5gI0GTMZtQcMRaWO3VGmSQsUqlwdWZW8y41n3n5+8FSCKw0+XFwTTot0mZUOSJ0aDevUxqcLPtHdBTm7mzCg9JqH0kvpdehQeim9joBclH69+z0igi9g7afL0PKDJsicMaPdtTK2NC4urkocXfUa4aczw1mQqUAh5C7zDgpXqYG36zTU0vlum06o2qU3avcbggZDR6PJ6En4YNxUNJ84U1dDaD3jE7SdtQDt5yxB+7lL0e7jRWgzY76eVW4x6WM0mzAdH4yZgsYjxqPuh8NRrXs/XUGhXIu2KNngAxStUQf5K1RC1qJvI02OXEieOkAvT3BN5Ka3z5GXKbwOeW3Srr18mdKYMmY0Ag8dwMOom5zdTUBQes1D6aX0OnQovZReR0IuTiIcF08cxaLZs1C3RnWkTpUqQUvXy5DX/BRXuOmZYm94+abQQiprZv0yZNSSnCpzVqTOlkN3L0ubMzfS5sqtxTUgW06kypINqdTf8c+YCSnTZ9CzzDJT65Hs6UytvrHs2fMkhGUlb4qUzitcoAD69+qBPV9v1uvM5cMXZTdhQek1D6WX0uvQofRSeh0NuUAJ929ex+n9e3WZqDIlSiCZt7fh/kjIm+KeyB1ZMmdGq6YfYNOqlfobBjaZSLhQes1D6aX0OnQovZReR0XLr/pT9rOdmzdicL++KFOyBFL4+jrlzC+JO7JWPEumTGjauCGWz5+nO6o9/j7i6VKGF/Y/knCg9JqH0kvpdehQeim9jo5csGQWTmqk7t66GUP690WxIoWRPBlnfok5Erm5IUP69Hi/QT0snTcHF44fxcPIcM7sOgmUXvNQeim9Dh1KL6U3oRAjKJGXL2LnVxt1pYcihQrC28uLM7/EEHd13suoZLd+7VpYOGsmzh89hIdR4bxJzcmg9JqH0kvpdehQeim9CQ0RFpn5vXkpCFvXrdHyW7ZUKX0xc3OgtsbEeiRJkgQ5s2fDB40aYsGsGTh35KBeIy7yQ9l1Pii95qH0UnodOpReSm9CRC5ivylEfm9duYy9X2/B2OFDUaXiu/D394MrZ36dEjk35cyeHe1atsDKRQsQfOr4v8sYKLvOC6XXPJReSq9Dh9JL6U3IPC8zd8NCcWTXDsyYOB51albXdX5lXzXah0nCwdXVVYvMW0UKo2fnTli3YrluG/wo6iZll2goveah9FJ6HTqUXkqvsxAjNz+EX0Pg4YNYOncO2jRvhiIFC+rmA0b7MnFc5JyWPl1aVH2vIsYMH4rvtm7GjYtB/3ZRo+ySGCi95qH0UnodOpReSq+zIRc4Wff76PsIve532/p1utxZxQrlkS5NGl22ije+OSYyq5s8WTIUzJcPzZs0xtxpU3Dm4H78qD7oxLzvLD1GXoTSax5KL6XXoUPppfQ6K3KhE6QOq+wLx77bpbu8de3QDsXfKqovfpY8Loh1kA8oIheyXKVWtWoYM2wItq5dgytnT6vj+zqesKkEeQ2UXvNQeim9Dh1KL6XX2ZELntz0Jn/K7G/4pfO65eyk0SNRp0Z15MqRHT4+PnB1dTPc34ltkBn5tGkCULp4cfTu2hlrli/RJcfuXb/69H29xyUMxByUXvNQeim9Dh1KL6WX/D9agJ/VaL177QounTiqy57JmtAGdWqhQL588E2eXH+NbrTvE+sidXXTBgSglBLd9q1bYvHsWTi+ZxciLj1dq/v7D3e4hIG8MZRe81B6Kb0OHUovpZcYIxdC4bGSKS3AJ49hy1olwMOGolHdOsiXJ7e+AU5EjGuArYN8uPBIkgQZ0qXFu++8g24dO2De9Kk4sH0bwi+e18sXRHDlfTJ6DwkxA6XXPJReSq9Dh9JL6SWvRi6IMnsYMwMsTQyCjh9RArxaXyQ7tmmNMiVLImOG9PomKjc3LoOIC9I4wi9lSuTOmUMvL5G20p8tmo/Du7YjKjRYfwiJeU8ou8QSUHrNQ+ml9Dp0KL2UXvJmyAUyhp8ibiDsXKCu/7tm+VIMHzgA9WvVRNHChZApYwYkS+bNWeDXIOcev5QpkCNbVpQtVRJtWzTDjEnj8c36dbpTmjQX+eWFcTd6XwiJLbJPUXrNQeml9Dp0KL2UXhJ7YiRMboTTVSCuhiDkzEns+/ZrLJ03B4P79UHj+vVQpmQJZM2cGV7qIujsEpzIzU3P5BbImxeVKlRAuxbNMe6jYfhCfWg4uW+PXrYgJcZkfGNuMKToEmtC6TUPpZfS69Ch9FJ6iWXQ8vtsGYT8LO1tf7h+FdfOB+Lgjm/w2eIFGD1siG6BW6NKZbxVuBAypE8HX18feHt56ePGxTVhCLEs8fDw8ECyZMmQ2t9fL1WoULYsPmjYEP16dMesSRPx1ZpVOHNwH6IuX8L98OvqQ0OkHrvff5AxpOSS+IPSax5KL6XXoUPppfQS6xAzQynI1/NSXUBuvLoedA6nD+zFrs2b9Ozm7CmTMLhvbzRr3AjlypTSgigyLLLo6+ODpJ6edrtO2M3VFZ5q+1L4+iJN6tS6Vm6BfHlRpeK7Wu5HDRmMJXM+1jcAHt65HcGnjuNOWKieFf/ldtT/jNOLY0hIfCD7HqXXHJReSq9Dh9JL6SXxw/NyJ8R8df9T5A1EhVxC6JlTOHNoP/Zs24K1K5Zh9tTJGDF4ILp36oDG6sL1TpnSKFKwAPLkyolsWbJoMQ5IlUoLp7e6uCZ2d7fY0gk3NyWzHh5InjwZ/P1SqpN9GmTOlBE5s2fXZdtKFHsLFcu/o7arLrp37KArWiz8eCY2r1ml5fb80cN6rfOdqyF4fCtCvdanN509j9EYEWILZH+k9JqD0kvpdehQeim9xHbECGDMsgipMys/y0zoj+Fheo1wxOWLuHb+LIKOHdbLJKRu8JplS7Fk7mx8PGUiJoz8CMMG9Eefbl10JYnWzZqi+fuN0bRRQzSuXxcN6tRG3Zo1ULt6NVSrXAnVKr2HmlWr6MoI9WvXQqN6ddCkYQM909zygyZo27K5FtlBfXpj9NAhmDZ+LBbMmoHPFy/AxlWfY/fmr/RMdcjpk7gWdFZvn8zeyiz2z7ej8Lu8jmevJ+b1Gb12QuwF2Ucpveag9FJ6HTqUXkovsT9iZFFmg2OEWJD/J8sCfv4+Eo+ibmqkgoQI5/2b13Q94e9Dg3HzUhCuXzinW/GKnF46cUxJ8xEEHjqAMwf349yRQ7hw/CgunzqBK4Gn9LrjGxfPI1IEVom2CLf8Tvndsjb5sXoevSThVuS/2xfTCOJ5uRWefx2EOAKy31J6zUHppfQ6dCi9lF7ieDwvmfGN0fYQ4sjIfk3pNQell9Lr0KH0UnoJIcSZofSah9JL6XXoUHopvYQQ4sxQes1D6aX0OnQovZReQghxZii95qH0UnodOpReSi8hhDgzlF7zUHopvQ4dSi+llxBCnBlKr3kovZRehw6ll9JLCCHODKXXPJReSq9Dx2rSO2Ec7oZd0WJpD1B6CSGEGEHpNQ+ll9Jrk6gDKLEiixAdHZ1ZkffXX3/95P79+ytu3br1aXh4+KfXrl17JervLAsKCrrbsmVLi/b2T6ykd8zQobr4vRTEtwVSjP/KmVO4fv4sIoMv4vYzyX0RSi8hhDg3lF7zUHopvfEWddC4KpIqEinB7a/k9r56A+5t2rTp3pIlS36cP39+9IwZMzB+/HiMHDkSw4YNeyXDhw+HzPLmy5fPYj37BRHod8qURqe2bXRb1PhGnlfaqPbr0R1DB/TDxFEjsejjmfjys0+x/9ttCD1zEt+HBOvWqY8ib+LXOyy4Twghzgql1zyUXkqv1aMOFvfHjx+XvXnzZttz586dWrx48YlJkyY96dq1K6pUqYICBQogTZo08PT0RJIkSeDu7v5GuLq6Gr7BcUF+p3uiRLbDPRESq9cms85Jk3oibUAACuTNiyoV31VS3FqL8KbVn+Py6RP4MfwapLWrnPiMToiEEEISLpRe81B6Kb1WTXR09DAlu1/u3bv3dyW6aNSoEQoXLgxfX1+ryGqCx8VFS7FfyhQoVCA/mjZuhNlTJ+PI7h165ldOfpRfQghxHii95qH0UnotHnVwuCrZrXrhwoU+O3fujBozZgyKFCmC5MmTW3QZAvmPvoEvtb8/ypYuibHDh+Lo7p365Ef5JYQQ54DSax5KL6XXYlEHRSJF2QcPHnypBvYnkV2Z1ZUDR/43sR7yYUJOdhXeKYcpY0cj8NB+PIy4QfElhJAEDqXXPJReSq9F8kx4C0VFRf20ZMkSVKhQAd7e3oYDT6yHyK+/vx8a1qujb3yTsmu/3btN+SWEkAQKpdc8lF5Kb5yiDgQXhevPP//c7/jx4z/16NEjOkOGDIYDTuIPucGvaKFCmDR6FIJPHX96o5vByZIQQohjQ+k1D6WX0hunqAOh6JMnTw5s3br1t1q1anF2155wcUHaNOtuOS4AAB1kSURBVGnQpX1bvdb3UdRNzvgSQkgCg9JrHkovpTfWUQdBocePH4dt374dpUqV4k1qdkoy9UHk/fr1sOfrLXhI8SWEkAQFpdc8lF5Kb6yiDoACjx49uvzFF1/oygyW7IhGLI+nhwfq1qqBXZs36RlfoxMnIYQQx4PSax5KL6X3jRMdHe31999/n9+8eTPy589vOLjE/hDxrV+7FvZ98zWXOhBCSAKB0mseSi+l943z888/D9i5c6de0qB+JA6EdHdr1rgRTuz9zvDkSQghxLGg9JqH0kvpfaOoHb9PYGDg39WqVWNHNQclha8v+vbohrDzgZztJYQQB4fSax5KL6XXdGSnj4yMvN67d294eHgYDipxDLJmzow506bg3vWrFF9CCHFgKL3mofRSek1F7fCJnzx5slMaTwQEBBgOKHEcZJa+TMkS+GbDOjz6PoLiSwghDgql1zyUXkqvqURHR9c+fvz43yVLljQcTOJ4eHp6olPbNgg5c5LSSwghDgql1zyUXkrva6N2dveoqKhdgwcPRuLEiQ0Hkzgm2bJmwbJP5uKniBsUX0IIcUAoveah9FJ6Xxu1s1fds2cP8uTJYziQxHFJlCgRmjSoh6DjRyi9hBDigFB6zUPppfS+Nj/++ONe2fFFkNSPJIGRKUMGfDp/Hh5wtpcQQhwOSq95KL2U3ldG7eh19+/f/3e+fPkMB5E4Pu7u7mjaqAEunTyuTp7GJ1VCCCH2CaXXPJReSu9Lo3Zyqdiwa9q0afE2yyvPIwda8uTJ4evr+1rk71ljnbF0L0ueLJnN8PLyQpIkSeKtFnLunDmxcfXneMxKDoQQ4lBQes1D6aX0vjSyk4eFhT2WRhTyo7UQsZMyaFIZokOHDhgzZgxmz56NRYsWvRIpnzZp0iTdGc6ScpjILZFu1zvuo+EYO3xYvDNm2FAM7d8Pndu2QbVK7yFXjuzwVhJstK2Wwkd9eJDnvH01BL/du214YiWEEGJ/UHrNQ+ml9L400dHRI3bt2oV06dIZDqAl8PHxQa1atbBw4UKcP38eN2/ePH337t3dDx8+3PP48eNX8uTJk++uX7/+sG3bthadiU6SODEmjR6JG0HncO38WZtwNfA0gk8ex6l9e/DliuXo2bkTCuTLp2d/jbY5rri4uKB2tao4d+QgZ3oJIcSBoPSah9JL6X1pfv3112UzZ87UO7760eLIGyBl0EJCQqCe6xN1ULV+0wMrMjLycLdu3SwuvTMmjMPdsCu4fSXEZty5Gqq5HRqCkFMnsGrJItSsWkW9H56G2x1XCubLi6/WrHp2EjU+uRJCCLEvKL3mofRSel+aO3fuLJVZVJkFVD9alPTp02P69Om4fv36JXUwDVIkUY+/cawmvePHaeG8FXrZLhAJjgy+iG/Wr0OD2rX0mmOjbY8LfilTYObECXj8/U3O9hJCiINA6TUPpZfSaxi1g+e+dOnSfWt0YJMDaejQoYiIiDgvz6Mei3WcRXoFEd+oy5ew5YvVeK98ebhb8DUL8vt6demESPUcTyi9hBDiEFB6zUPppfQaRu3gJfbv34/s2bMbDl5skVnjGjVqyPrdCPUcOdVjcYozSa8g4htx6QLmz5iuu6kZbX9skZsBG9Wti/NHDnF5AyGEOAiUXvNQeim9hlE7ePEVK1YgVapUhoMXW1KnTq2rLjx58mSy+jnOcTbpFUR8zxzYh6aNGlq0XJuLy39Qvkxp7Pvma870EkKIg0DpNQ+ll9JrGJHeiRMnwtPTsjdNVa1aFfv27duqfn8i9XOc46zSe/PSBX2CC7Dwh5K8uXJh87Ob2QghhNg/lF7zUHopvYYR6ZXKCpZujtCjRw8oUZ2q/tsicUbpFUR8v163Fvny5DF8DbElY4YMWLNsqeGJlRBCiP1B6TUPpZfSaxiR3l69ehkOXGyRWeOBAwc+fPDgQWb1s0XirNIr5dSO7NqB8mXLWLS6RqpU/vhs4SeGJ1ZCCCH2B6XXPJReSq9hRHo7d+5sOHCxRdoGjxs37n5UVJSf+tkicVrpVdt2ct8e1Kle3aKv3ccnOZbMnf3vifTFkyshhBD7gtJrHkovpdcwIr1dunQxHLjYkjx5cowePfr+zZs3U6ifLRLnnekNxYm936FG1Spwc3MzfB2xwdfHF0vnzfn3RPriyZUQQoh9Qek1D6WX0msYkd6+ffsaDlxskUoDAwcO/PPJkyd11M8WiTMvbzi0/VuUKVHC8DXEloDUqfD5ogWGJ1ZCCCH2B6XXPJReSq9hRHqHDRtmUZkUZPY4Kipqifpvi8RZpVdY/9mnyJk9m+FriC2ZM2bE2k+XGZ5YCSGE2B+UXvNQeim9hhHplTbB3t7ehoMXW6TD23fffXdN/f7C6uc4xxmlVyo3XA86h9HDhlj0BCcUzJ8P275ci18NTqyEEELsD0qveZxZetOlS0fpfVlEer/44gv9yUB+tBTJkiXDnDlzpDnFfvVznOOs0nt41w7UtPB6XmlO8V6F8ji8czullxBCHARKr3k400vpNYxI75EjR5A7d27DwYsLxYsXl9nev/7+++8B6uc4xdmkV4Q39MwpjB46BGnTBBhuf2yRmszNmzRG8Knj+iRqdHIlhBBiX1B6zUPppfQaRu3gyUJCQg5UrFjRcPDigsxOtmjRAur3P1TPU1jhph6PVZxJemV7wi8GYencOSiQL69F6/MK+kbDPr1x99oVSi8hhDgIlF7zUHopvS/Njz/+uLh79+4W78omSPmyrl27Rp87d+7x77//PkAdUK7q8TeOM0ivzO4KYWfPYMWCT1C2ZEm4uVpuWUMMaQJSY/7M6fj5ViSllxBCHARKr3kovZTel0bJ6JKlS5da/Ga2GER833//fWzZsuXXqKioQ+qgKqoef6NYTXonjNNlwWKE0xaIdMs2RAZf1OXJxg4biiIFC8Ldgq/1ed4uWgQ7vtqIJ3eNT6yEEELsD0qveSi9lN6XRu3kVfbv3/9H1qxZDQfQEshX9LJueMSIEVixYkXo1q1bF4eEhCy7d+/eiqtXr5beuHFj2m+//TaDEerNC1B/52SnTp0sekOXfM0/efQo3LwYhBsXzsU718+fxeXTJ3XHta1rv8C0ceNQq1o1pPT1NdxeSyDj936D+rh85iR+u3fb8MRKCCHE/qD0mofSS+l9adRO7nvz5s17TZo0MRxASyHimyRJEmTPnh21a9dGu3bt0KtXL7Rp0+Zh8+bN77Vo0eIHI1q2bCl//pknTx6Lrm8VASxdogRaN22KVk0/iHdaftAETZSA1qhSBUULFYJ/ypQWnck2Qp5j4qgR+OH6VfzGpQ2EEOIwUHrNQ+ml9L4yv/3229jly5fDw8PDcBCtiYjs6zD6d+TNkWUTuzZv4npeQghxMCi95qH0UnpfGbWjNw0KCkLp0qUNB5E4Pp6enujavh2uBZ2l8BJCiINB6TUPpZfS+8qoHd31l19+OTllyhR9AMhDJGGRN3cubFj5GR59H8GmFIQQ4mBQes1D6aX0vjZqZ2989uxZlChRwnAgiePi6eGBLjLLez6Qa3kJIcQBofSah9JL6X1t1M6e7PHjx0dnzpyp2wjLQyRhUKRQQXy1eiV+vhXFpQ2EEOKAUHrNQ+ml9JqK2uHbhoWFoUaNGryBLIHg6+ODof36IiL4An5lmTJCCHFIKL3mofRSek1F7fBJ//rrr9PffvutrqsrDxHHxd3dHXVqVsexPbvwy+0owxMpIYQQ+4fSax5KL6XXdNROn+3Ro0fn5aY2Xys2SiDWp0jBAvjys+V4GBXOZQ2EEOLAUHrNQ+ml9L5R1I5fPjIyUhpH6NlCeYg4FunUji8d56TVMYWXEEIcG0qveSi9lN43itrxE/31118zz58/j4YNG+pOavIwcQzSpE6NQX16IeTMKQovIYQkACi95qH0UnrfOGrnd1HMOHXqFCpXrswb2xyEFL6+6NWlEy6fPvHvifLFkychhBDHgtJrHkovpTdWEfH9448/Zh44cEBXdLBFm2JiHr+UKdClfVsEHj5A2SWEkAQEpdc8lF5Kb6yjDgJZ6jAjMDAQTZs2pfjaKZkyZMCgPr1x/uhh/HI70vCkSQghxDGh9JqH0kvpjVNkxlcxIzg4GN27d0fq1KkNB5vEP64uLsibKxcmjxmFGxfO4zfW4iWEkAQHpdc8lF5Kb5wj4vvPP//MVAcG5s2bh2LFirGyg43x8fFBzSpVsGbZEkSFBhueKAkhhDg+lF7zUHopvRaJOiA8FRUePny4bffu3U/at2+vB5g3ucUv8mEjT+5cGNS3D07u24PH30fgN67hJYSQBAul1zyUXkqvxfP33393jYiI+GHp0qXRtWrVQkBAAOXXyiRKlAjZsmZB62ZNsWn1StwKDdYnQsHoJEkIISRhQOk1D6WX0mvxqIPDTZHml19+2Xr58mUsXrw4+v3330f69Om57MGCyAcJOSnly5Mbndq0xhfLl+DK2TN6dpeySwghzgGl1zyUXkqv1aIOEn9Fkd9++21mREQE1A6MIUOGoFy5clqAkydPDjc3N8M3hxiTOHFi+Pr4IFPGjKj63nsY+9Ew7PhqA25eCsKv6uQnN6tReAkhxHmg9JqH0kvptXqio6OTqAOmiWLkDz/8cPvcuXO31M7818yZM9GpUydUrVoVxYsXR968eZE9e3ZkyJBBL4mQShCvw8/PD9Yolebt5QW/lCltRmp/f6RLkwaZldzmzpkTxYoUxnsVyqNt82aYNGokNqz8HCf27sGt0Mt6zS4rMxBCiHNC6TUPpZfSG29RB00ihZ/C9++//x7y008/LYyMjJx748aNqFOnTkVv27btr7Vr1/71+eefR69YsQJLly7FkiVLXsqyZcswZcoUlC5dGq6uroZvcmxI5OaGhnVqa7mcOHJE/KOed+q4sZg7dQqWzJmNL9VY7Nu2DeePHMKVM6cQfuG8lt27YVfwU0Q4frltfCIkhBCS8KH0mofSS+m1edTBlFdRMjo6uoT6s8g///wzRUnxUcWBV6H+7n51MD6SShFyI5f8KkuQJHFiTBs3DreuhCAqJNgmfK+4FXL5KUpw71wN/ZfbarvkMfnzwU1KLyGEODOUXvNQeim9Dp3IyMjD3bp1s7j0zpgwTs+kiljaGhFcI+T/UXoJIcS5ofSah9JL6XXoWE16x4/Ts6pGsmkvUHoJIYRQes1D6aX0OnQovZReQghxZii95qH0UnodOpReSi8hhDgzlF7zUHopvQ4dSi+llxBCnBlKr3kovZRehw6ll9JLCCHODKXXPJReSq9Dh9JL6SWEEGeG0mseSi+l16FD6aX0EkKIM0PpNQ+ll9Lr0KH0UnoJIcSZofSah9JL6XXoUHopvYQQ4sxQes1D6aX0OnQovZReQghxZii95qH0UnodOpReSi8hhDgzlF7zUHopvQ4dSi+llxBCnBlKr3kovZRehw6ll9JLCCHODKXXPJReSq9Dh9JL6SWEEGeG0mseSi+l16FD6aX0EkKIM0PpNQ+ll9Lr0KH0UnoJIcSZofSah9JL6XXoUHopvYQQ4sxQes1D6aX0OnQovZReQghxZii95qH0UnodOpReSi8hhDgzlF7zUHopvQ4dSi+llxBCnBlKr3kovZRehw6ll9JLCCHODKXXPJReSq9Dh9JL6SWEEGeG0mseSi+l16FD6aX0EkKIM0PpNQ+ll9Lr0KH0UnoJIcSZofSaR6T39GJKL+OgofRSegkhxJmh9JonTUo/fP7RaPy+5yBw6ISxdNoStU3RB47h68nTkTtTJsPXEFsovQkglF5KLyGEODOUXvO4urqgRN782DxpGv7ce8i+xPeZ8J5YtBw1SpVGYgt6jUDpTQCh9FJ6CSHEmaH0vhmuLi4oV7Awvp40Hb99Zz8zvn/vP4oj8xdr4XVP5G647XGB0psAQuml9BJCiDND6X1zErm5oVT+AvhqwhT8vsfGM77PnvvYwmWoVbqcEl7LzvDGQOlNAKH0UnoJIcSZScjSW79+fcNtsxSl8xfElknT8IcNlzroGd5PFqNmqbJIbIUZ3hjSp09P6XX0UHopvYQQ4swkVOndu3fvsqZNm8LFxcVw+yyBq6sryhYsjM0Tp+HX3QfiXXz/OXAMh5Xw1ihVRs8+G22jpciTJw9Onz5N6XXkUHopvYQQ4swkVOkNDAxc1rVrVy2m6kerIVJdMl9+bFXi+8few/Ejvuo5og8cxfFFy1C7jCxpsN4MryCvsUKFCggODqb0OnIovZReQghxZhKq9N6/f3/5lClTkCRJEsPtsyRyc1uZgoWwddI0/P7dAWNRtSB/7zuKg/MWPq3S4G5d4RXc1XP07NkTt2/fXqx+Zhw1lF5KLyGEODMJVXqjo6Prrl279tccOXIYbp+lEfEtla8AtkycatWqDlKW7Oj8JaheojTcrDyLHYOvry/WrFmDf/75Z6b6mXHUUHopvYQQ4swkVOlVz5kmLCzsXtu2beFm5fWuMcgygDIFCuoZ3z8tvdRB/S65aS1mSUNid8t5y+uoXLkyLl68+EiNaXr1M+OoofRSegkhxJlJqNIr+eeffybt2LED+fPnN9xGayCCXaZAIWyZIDO+lru5TW5aOzBvAWqULBUvSxpiSJUqFZYvX44///wzUL2PSdVjjKOG0kvpJYQQZyYhS6963rz3798P+fjjj5E6dWrD7bQWunPbxKn4Q+r4Hj5pKLKm0DetHcfJRctRvWT8LWkQvL29MWTIEChXuqTGMrt6jHHkUHopvYQQ4swkZOmVREdHF7xx48aVUaNG6VlL9VC8EFPOTOr4xrqBxbMlDYc+WYSapctovzB6Lmvg5eUF8aMLFy6EqPcvp3qMcfRQeim9hBDizCR06ZX8/fffH968efPW6NGj43XGV8S3ZP4C2BSbzm3ydw8d1zet6dbC8bQuWfDw8EDHjh0RGBh4Ub13udVjTEIIpZfSSwghzowzSK9EbUO+a9euhciMr7+/v+E2W4sSUsd38vQ36twmM7zSWrh26bJWbzzxPDLD26FDB1nSoIYMzdVjTEIJpZfSSwghzoyzSK9EljpcvXr1ypgxYxAQEGC43dZAbm4rW7CQXupgppxZTKe12mWktbDl/OR1eHp66hnes2fPXlHv2SBFIvU4k1BC6aX0EkKIM+NM0itR25IvIiIiWMQ3ZcqUhttuLYrlyqNbFv+594ix+KrHpA7viUXLUaNkmXgVXnm/2rdvj9DQ0CdqjAqpx5iEFkovpZcQQpwZZ5NeidqevFevXtVLHeJzxvc/uo5vIXw9efrTGd+D/y2+sqRBZnhrlS4br3V4Y5Y0XLly5Rc1NrMULupxJqGF0kvpJYQQZ8YZpVfyxx9/6KoO48aNi9eqDrI+t2S+Avhq4nM3t8kMr5LeYwuX6sYT7vG8pEGE99mShnwKN/U4kxBD6aX0EkKIM+Os0isRyVPie2nkyJHxvtRBqjrozm37Dus1vFKlQWZ4k8Rj44mYGd6IiAg1FBimHmMScii9lF5CCHFmnFl6JWrb8oaFhYWMHTs2Xpc6uD5rWbxp/GTsnDFbC298zvDK+/OsLFmQGoOm0dHRSdTjTEIOpZfSSwghzoyzS69EbV/B8PDwK1LHNz5nfKWOb/4s2VA4R854XcMr743M8F67dk29dFRQjzHOEEovpZcQQpwZSu/TqG2UOr7BcnNbfLcsjk9kSUOnTp1w8eLFKPWapyjc1eOMM4TSS+klhBBnhtL7/1HbmffmzZsh48ePT5DiG7OkISgoSIQ3u3qMcaZYQ3o9lPTOmjgBP1wPw92wK3bLvWtX8TgqEr/fu4PffyCEEOKM/PHjXTyIuIFZkyY4vfRK1LbqpQ4y45vCguNha2SGV+rwXr9+HdHR0dPVY4yzxRrS6+7ujnYtWmDFgvn4dP4ndots36oli7FuxXJCCCFOypeffYrPFy1Au5bNkczby/C6FhscVXolSgrzKTnUDSzitY6vlRDh7dy5s5Qlu6Dei3IKT/U442yxhvS6uLjAJ3lypE2Txu5JlzYt0hNCCHFq0qUJ0NctubHK6LoWGxxZeiVqm/NGRESESB3f+C5nZkmkDq8I7+XLl7mkwdljDeklhBBCnB1Hl16J2u4C169f10sd4rOBhaWImeE9d+7c1ejo6P7qMcaZQ+klhBBCLE9CkF6JLHW4efNmsMz4+vv7G75We8TDw0NXaQgMDJQlDbnVY4yzh9JLCCGEWJ6EIr0Stf15lPiGxncd39gS02ktNDT0V7XtLdRjDEPpJYQQQqxBQpJeSXR0tF7qIDe32XM5Mxn3Z53WLqtxz6twU48zDKWXEEIIsQYJTXolIpFRUVG6qoM9ljOTMZcZ3pCQkF/UthZSjzHM/4fSSwghhFiehCi9EvVa8oSFhYXa281tsqRBZnhDQ0OfqG2cpXBRjzPM/4fSSwghhFiehCq9ElnqcPPmzavSuc0ebm6TsmQyw3vmzJkraqxlSYOrepxh/juUXkIIIcTyJGTplajXlC8iIiLY1p3bYmZ4lc+oTcIw9RjDGIfSSwghhFiehC69EvW68ty4cSNUypnZonNbjPAGBgYGqW35IDo6Ool6nGGMI9Lbs2dP3TpY/UgIIYQQCyDSO3z4cNy7dy/BSq9EvbYCyiWuivjG54yvjK8Ib1hYmNoEVFCPMcyrow7GIyNGjNBFnNWPhBBCCLEA3t7emDp1Kn755Zeo6Ojo1OqxBBslnXnDw8P1Uof4WOMrM7xdunTBpUuXvlfPPUXhrh5nmFfn559/3rlo0SJ9cKofCSGEEGIBpLLBypUroYR3vpKyBH9jlXqNuoGF3NxmzaoOMTetPeu0ll09xjDmonaYCnv37kXmzJkNdy5CCCGEvDklSpTA9u3bZSaylPrZKaJeq17qIJ3bfH19DcclLsgMb/v27XH16lX1VFzSwLxh5GC8d+8eWrduzXW9hBBCiAVInDgx5H6ZsLCwfepnp0p0dHS+mzdv6gYWlpzxFeHt3Lkzzp8/LzO87yg81eMMYz5qp/H7888/+6xbt+5x1qxZDXc0QgghhJgnd+7cWL9+ffRvv/3WS/3sdFFukTsqKuqKpW5uk/uOOnXqhMuXL0eo380lDUzsI+L7ww8/3Bs8eDBvaCOEEELigJ+fH2SWU0nfOXV9Ta8ec8qo154/PDz8qtzcljJlSsOxMoPccyQ3rQUFBcmahr7qMYaJW9SO1DUkJOTPdu3a6TIg8hAhhBBCzCPrWLt3747g4OCov//+u7d6zKkTHR2dNzIyMlhubkudOrXhmL2KZMmSoWvXrtJpTZY05FaPMYxlIuJ7/fr1v2TG1576aRNCCCH2Ttq0aTFkyBDcuHEjWl1Pm6nHGBWR1Tt37oTOnTsX2bJlg4uLi+H4vUj69OkhJVXDw8N/U7+jhXqMYSwb9ams1c2bN4+tWbMG9erVQ7p06XR5ELM7KSGEEOIMyHVRro+ZMmXCBx98IGt4EREREaKuo/2UpLFu7HNR45H/0aNHV6ValKzNFfmVG9NcXV3/ZzwzZsyox3Pz5s1Qshys/m1eRYIv+cbYKGrn8nny5Enja9eund6+fXv02LFj0aJFC1SrVg3ly5cnhBBCnJYKFSqgevXqaNWqFSZOnChy9mNYWNixP//8s7e6fgY8u5QyL0R9GMioxqdUeHj42gMHDvw0Z84cyJLKmjVralq2bIlJkyZh27ZtP6q/c0KNZ1/199M8++cMY92onS2Jormik6IjIYQQQv6LLgqnqcNrqagxK6vo+mwMXxzPss/+GsMwDMMwDMMwDMMwDMMwDMMwDMMwDMMwDMMwDMMwDMMwDMMwDMMwDMMwDMMwDMMwDMMwDMMwDMMwDMMwDMMwDMMwDMMwDMMwDMMwDMMwDMMwDMMwDMMwDMMwDMMwDMMwDMMwDMMwDMMwDMMwDMMwDMMwDMMwDMMwDMMwDMMwDMMwDMMwDMMwDMMwDMMwDMMwDMMwDMMwDMMwDMMwDMMwDMMwDMMwDMMwDMMwDMMwDMMwDMMwDMMwDMMwDMMwDMMwDMMwDMMwDMMwDMMwDMMwDMMwDMMwDMMwDMMwDMM4fv7zn/8DZfVi8Wu62tkAAAAASUVORK5CYII=\" style=\"height:264px; width:264px\" /></p>','2021-04-20 06:31:36.316430',4),(10,'Good day today','<p>It was a good day today.</p>\r\n\r\n<p>I slept during the day, and I&#39;m feeling great right now.</p>','2021-04-20 08:17:34.873414',5),(11,'Made new friends today','<p>I made friends with new collegues at work today.</p>\r\n\r\n<p>One of them had brought her dog today. I&#39;ve clicked his picture, he looks so cute.</p>\r\n\r\n<p><img alt=\"Chihuahua Long Hair Dog Looking Window | Chihuahua, Chihuahua dogs, Dogs\" class=\"n3VNCb\" src=\"https://i.pinimg.com/originals/c8/24/ea/c824ea8fe0c5b8921717622b81b2cbde.png\" style=\"height:220px; margin:0px; width:330px\" /></p>','2021-04-20 08:22:36.105011',5);
/*!40000 ALTER TABLE `journal_journal` ENABLE KEYS */;
UNLOCK TABLES;

--
-- Table structure for table `todo_todocategory`
--

DROP TABLE IF EXISTS `todo_todocategory`;
/*!40101 SET @saved_cs_client     = @@character_set_client */;
/*!50503 SET character_set_client = utf8mb4 */;
CREATE TABLE `todo_todocategory` (
  `id` int NOT NULL AUTO_INCREMENT,
  `name` varchar(200) NOT NULL,
  `user_id` int NOT NULL,
  PRIMARY KEY (`id`),
  KEY `todo_todocategory_user_id_f15110fa_fk_authentication_user_id` (`user_id`),
  CONSTRAINT `todo_todocategory_user_id_f15110fa_fk_authentication_user_id` FOREIGN KEY (`user_id`) REFERENCES `authentication_user` (`id`)
) ENGINE=InnoDB AUTO_INCREMENT=28 DEFAULT CHARSET=utf8mb4 COLLATE=utf8mb4_0900_ai_ci;
/*!40101 SET character_set_client = @saved_cs_client */;

--
-- Dumping data for table `todo_todocategory`
--

LOCK TABLES `todo_todocategory` WRITE;
/*!40000 ALTER TABLE `todo_todocategory` DISABLE KEYS */;
INSERT INTO `todo_todocategory` VALUES (14,'Grocery list',4),(15,'asd',4),(16,'asd',4),(17,'asdasd',4),(18,'asdas',4),(24,'Sample Checklist',5),(25,'Shopping list',5),(26,'Movies to watch',5),(27,'Things to do',5);
/*!40000 ALTER TABLE `todo_todocategory` ENABLE KEYS */;
UNLOCK TABLES;

--
-- Table structure for table `todo_todoitem`
--

DROP TABLE IF EXISTS `todo_todoitem`;
/*!40101 SET @saved_cs_client     = @@character_set_client */;
/*!50503 SET character_set_client = utf8mb4 */;
CREATE TABLE `todo_todoitem` (
  `id` int NOT NULL AUTO_INCREMENT,
  `text` varchar(400) NOT NULL,
  `completed` tinyint(1) NOT NULL,
  `category_id` int NOT NULL,
  PRIMARY KEY (`id`),
  KEY `todo_todoitem_category_id_64fc21dd_fk_todo_todocategory_id` (`category_id`),
  CONSTRAINT `todo_todoitem_category_id_64fc21dd_fk_todo_todocategory_id` FOREIGN KEY (`category_id`) REFERENCES `todo_todocategory` (`id`)
) ENGINE=InnoDB AUTO_INCREMENT=49 DEFAULT CHARSET=utf8mb4 COLLATE=utf8mb4_0900_ai_ci;
/*!40101 SET character_set_client = @saved_cs_client */;

--
-- Dumping data for table `todo_todoitem`
--

LOCK TABLES `todo_todoitem` WRITE;
/*!40000 ALTER TABLE `todo_todoitem` DISABLE KEYS */;
INSERT INTO `todo_todoitem` VALUES (22,'Lettuce',0,14),(25,'apple',0,14),(26,'coffee',0,14),(28,'mango',0,14),(29,'tomato',0,14),(37,'item 1',0,24),(38,'item 2',0,24),(39,'Coffee',1,25),(41,'Apples',1,25),(42,'Juice',0,25),(43,'Inception',1,26),(45,'The Matrix',0,26),(48,'item 3',0,24);
/*!40000 ALTER TABLE `todo_todoitem` ENABLE KEYS */;
UNLOCK TABLES;
/*!40103 SET TIME_ZONE=@OLD_TIME_ZONE */;

/*!40101 SET SQL_MODE=@OLD_SQL_MODE */;
/*!40014 SET FOREIGN_KEY_CHECKS=@OLD_FOREIGN_KEY_CHECKS */;
/*!40014 SET UNIQUE_CHECKS=@OLD_UNIQUE_CHECKS */;
/*!40101 SET CHARACTER_SET_CLIENT=@OLD_CHARACTER_SET_CLIENT */;
/*!40101 SET CHARACTER_SET_RESULTS=@OLD_CHARACTER_SET_RESULTS */;
/*!40101 SET COLLATION_CONNECTION=@OLD_COLLATION_CONNECTION */;
/*!40111 SET SQL_NOTES=@OLD_SQL_NOTES */;

-- Dump completed on 2021-04-19 23:48:40
